model,task,status,data_input,result_file,key_metric,metric_value,evidence_quality,notes
climatebert/environmental-claims,Binary claim detection,VERIFIED,data/nlp/claims_with_sentiment.csv (403 claims from 11 company PDFs),Results/nlp_model_comparison.csv,accuracy on gold labels (n=150),0.973,STRONG,"Gold-label eval on palm-oil domain; precision 1.0, F1 0.981; beats keyword baseline (acc 0.707)"
climatebert/distilroberta-base-climate-specificity,Claim specificity score,VERIFIED,data/nlp/claims_with_sentiment.csv,Results/nlp_model_comparison.csv,accuracy on gold labels (n=102),0.559,MODERATE,"Model accuracy 0.559 vs rule baseline 0.613 — rule slightly higher, but model gives continuous score used in mismatch formula; feeds specificity_score in build_scores_v2.py"
ProsusAI/finbert,Sentiment scoring (feeds mismatch score),VERIFIED,data/nlp/claims_with_sentiment.csv,Results/nlp_model_comparison.csv,accuracy on gold labels (n=102),0.843,STRONG,"Best sentiment model on domain; beats climate-sentiment (0.529); sentiment_score directly feeds 0.15 weight in canonical formula"
climatebert/distilroberta-base-climate-sentiment,Climate risk/opportunity framing (comparison only),VERIFIED,data/nlp/claims_enriched.csv,Results/nlp_model_comparison.csv + Results/nlp_sentiment_agreement.csv,accuracy on gold labels (n=102),0.529,MODERATE,"Comparison signal only — does NOT feed mismatch score. Cohen kappa vs FinBERT = 0.078 (poor), 53% agreement. Reported as finding that two sentiment models measure different constructs."
nbroad/ESG-BERT,ESG topic classification (E/S/G),VERIFIED,data/nlp/claims_enriched.csv,Results/nlp_model_comparison.csv,accuracy on gold labels (n=106),0.802,STRONG,"26-class SASB taxonomy; macro F1 0.492; beats keyword baseline (acc 0.189). Used for results analysis only, not in mismatch formula."
Hansen GFC v1.13,Annual forest loss detection (primary),VERIFIED,Google Earth Engine UMD/hansen/global_forest_change_2025_v1_13,data/mills/master_forest_loss.csv + Results/master_scores.csv,Total post-2020 loss (11 companies 290 mills),890168 ha,STRONG,"Canonical result verified by build_scores_v2.py with 23 passing tests. Feeds forest_loss_score (0.35 weight)."
Descals et al. 2021 CNN oil palm map,Land-cover causation cross-check,VERIFIED,GEE: projects/sat-io/open-datasets/landcover/GLOBAL_OIL_PALM,Results/descals_oilpalm_overlay_per_mill.csv + by_company.csv,% of post-2020 loss near mills confirmed oil palm,56.0%,STRONG,"56% of cleared land confirmed as oil palm cultivation. Range IOI 89.8% to Bumitama 16.6%. Treecover2000>30 mask so loss_ha (~695k) differs from 890k headline — report % only."
RADD (Radar for Detecting Deforestation),Independent deforestation alert cross-check,DISCREPANCY,GEE: projects/radar-wur/raddalert/v1,Results/radd_validation_summary.csv,Agreement ratio (RADD ha / Hansen ha) — 5 top mills,0.0 to 0.008,WEAK,"Expected ratio 0.3-1.5 per script docstring. Actual: 0.0–0.008 (far below range). Script output labels results 'Very low — possible RADD gap or Hansen over-count'. Claim that RADD confirmed 4/5 mills is NOT supported by data. Report as inconclusive cross-check."
Prithvi-EO-2.0-300M (zero-shot),Geospatial foundation model change detection,PARTIAL,Sentinel-2 composites via GEE + Hansen loss masks (290 mills),Results/prithvi_batch_290.csv,Mean Spearman rho across 290 mills,0.172,WEAK,"Zero-shot performance. Mean rho=0.172 across 290 mills; individual values highly variable (-0.192 to 0.597). POC single-mill result (SYARIMO rho=0.597) not representative of network. Linear probe rho=0.805 claim — NOT present in batch CSV; planned in Colab POC but no batch results file exists for it. Report zero-shot 0.172 as the verified result."
