company,mill_name,group_name,parent_company,country,latitude,longitude,rspo_status
wilmar,SABAHMAS,WILMAR GROUP,SABAHMAS PLANTATION SDN BHD,Malaysia,5.179162,118.405246,RSPO Certified
wilmar,SAREMAS 1,WILMAR GROUP,SAREMAS SDN BHD,Malaysia,3.524921,113.744412,RSPO Certified
wilmar,SAREMAS 2,WILMAR GROUP,SAREMAS SDN BHD,Malaysia,3.450453,113.765561,RSPO Certified
wilmar,TERUSAN,WILMAR GROUP,SAPI PLANTATION SDN BHD,Malaysia,5.831514,117.340459,RSPO Certified
wilmar,SAPI,WILMAR GROUP,SAPI PLANTATION SDN BHD,Malaysia,5.733519,117.387404,RSPO Certified
wilmar,REKA HALUS,WILMAR GROUP,REKA HALUS SDN BHD,Malaysia,5.766708,117.463737,RSPO Certified
wilmar,MUSTIKA SEMBULUH 1,WILMAR GROUP,MUSTIKA SEMBULUH,Indonesia,-2.5905,112.511283,RSPO Certified
wilmar,KERRY SAWIT INDONESIA 1,WILMAR GROUP,KERRY SAWIT INDONESIA,Indonesia,-2.784633,112.509533,RSPO Certified
wilmar,RIBUBONUS,WILMAR GROUP,SABAHMAS PLANTATION SDN BHD,Malaysia,5.686858,117.09226,RSPO Certified
wilmar,SRI KAMUSAN,WILMAR GROUP,SRI KAMUSAN SDN BHD,Malaysia,6.203802,117.291189,RSPO Certified
wilmar,PINANG AWAM,WILMAR GROUP,PERKEBUNAN MILANO,Indonesia,1.842826,100.203138,RSPO Certified
wilmar,KENCANA SAWIT INDONESIA,WILMAR GROUP,KENCANA SAWIT INDONESIA,Indonesia,-1.46778,101.514439,RSPO Certified
wilmar,BURNAI TIMUR,WILMAR GROUP,TANIA SELATAN,Indonesia,-3.627,104.869467,RSPO Certified
wilmar,SARANA TITIAN PERMATA PKS 1,WILMAR GROUP,SARANA TITIAN PERMATA,Indonesia,-2.894444,112.543611,Not RSPO Certified
wilmar,AMP PLANTATION,WILMAR GROUP,AMP PLANTATION,Indonesia,-0.154717,100.029167,RSPO Certified
wilmar,DABUK REJO,WILMAR GROUP,BULUH CAWANG PLANTATIONS,Indonesia,-3.948633,104.957367,RSPO Certified
wilmar,BUMI SAWIT KENCANA,WILMAR GROUP,BUMI SAWIT KENCANA,Indonesia,-2.230183,112.49125,RSPO Certified
wilmar,BENSO OIL PALM PLANTATION OIL MILL,WILMAR GROUP,BENSO OIL PALM PLANTATION LTD,Ghana,5.110717,-1.913683,RSPO Certified
wilmar,DAYA LABUHAN INDAH 2,WILMAR GROUP,DAYA LABUHAN INDAH,Indonesia,2.2861111,100.140833,RSPO Certified
wilmar,GERSINDO MINANG PLANTATION,WILMAR GROUP,GERSINDO MINANG PLANTATION,Indonesia,0.120549,99.718255,RSPO Certified
wilmar,MENTAYA SAWIT MAS,WILMAR GROUP,MENTAYA SAWIT MAS,Indonesia,-2.16469,112.56942,RSPO Certified
wilmar,RIMBA HARAPAN SAKTI,WILMAR GROUP,RIMBA HARAPAN SAKTI,Indonesia,-2.835778,112.57178,RSPO Certified
wilmar,SUBURMAS,WILMAR GROUP,SUBURMAS PLANTATIONS SDN BHD,Malaysia,3.525253,113.357533,Not RSPO Certified
wilmar,KARUNIA KENCANA PERMAI SEJATI,WILMAR GROUP,KARUNIA KENCANA PERMAI SEJATI,Indonesia,-2.23985,112.63045,RSPO Certified
wilmar,SELABU,WILMAR GROUP,MUSI BANYUASIN INDAH,Indonesia,-2.627033,103.818533,Not RSPO Certified
wilmar,AGROINDO INDAH PERSADA 1,WILMAR GROUP,AGRINDO INDAH PERSADA,Indonesia,2.778667,99.393433,Not RSPO Certified
wilmar,BUMI PRATAMA KHATULISTIWA,WILMAR GROUP,BUMI PRATAMA KHATULISTIWA,Indonesia,-0.022183,109.424883,RSPO Certified
wilmar,SINAR SIAK DIAN PERMAI,WILMAR GROUP,SINAR SIAK DIAN PERMAI,Indonesia,0.449367,101.621217,Not RSPO Certified
wilmar,SIAK PRIMA SAKTI,WILMAR GROUP,SIAK PRIMA SAKTI,Indonesia,0.651217,101.75405,Not RSPO Certified
wilmar,MURINI SAM-SAM PELINTUNG,WILMAR GROUP,MURINI SAMSAM,Indonesia,1.6525,101.6381,Not RSPO Certified
wilmar,AGRONUSA INVESTAMA 2 - PAHAUMAN,WILMAR GROUP,AGRONUSA INVESTAMA,Indonesia,0.275303,109.731414,Not RSPO Certified
wilmar,SINAR PERDANA CARAKA,WILMAR GROUP,SINAR PERDANA CARAKA,Indonesia,1.69192,100.55849,Not RSPO Certified
wilmar,BULUH CINA,WILMAR GROUP,DHARMA WUNGU GUNA,Indonesia,1.76856,100.493594,Not RSPO Certified
wilmar,AEK BATU,WILMAR GROUP,PERKEBUNAN MILANO,Indonesia,1.850583,100.1457,Not RSPO Certified
wilmar,AGROINDO INDAH PERSADA 2,WILMAR GROUP,AGRINDO INDAH PERSADA,Indonesia,-1.963888,102.301111,Not RSPO Certified
wilmar,AGROINDO INDAH PERSADA 3,WILMAR GROUP,AGRINDO INDAH PERSADA,Indonesia,-4.010267,102.496717,Not RSPO Certified
wilmar,MURINI SAM-SAM KANDIS,WILMAR GROUP,MURINI SAMSAM,Indonesia,1.060361,101.239417,RSPO Certified
wilmar,KERRY SAWIT INDONESIA 2,WILMAR GROUP,KERRY SAWIT INDONESIA,Indonesia,-2.69695,112.483083,Not RSPO Certified
wilmar,AGRO PALINDO SAKTI 2,WILMAR GROUP,AGRO PALINDO SAKTI,Indonesia,0.303,110.195959,Not RSPO Certified
wilmar,MUSTIKA SEMBULUH 2,WILMAR GROUP,MUSTIKA SEMBULUH,Indonesia,-2.4571,112.49973,Not RSPO Certified
wilmar,DAYA LABUHAN INDAH I,WILMAR GROUP,DAYA LABUHAN INDAH,Indonesia,2.151167,99.991167,Not RSPO Certified
wilmar,SARANA TITIAN PERMATA PKS 2,WILMAR GROUP,SARANA TITIAN PERMATA,Indonesia,-2.90454553961,112.612766,Not RSPO Certified
wilmar,AGRONUSA INVESTAMA 3 - SAMBAS,WILMAR GROUP,AGRONUSA INVESTAMA,Indonesia,1.42149,109.53715,RSPO Certified
wilmar,CALARO,WILMAR GROUP,WILMAR INTERNATIONAL LTD,Nigeria,5.291084,8.298471,RSPO Certified
wilmar,EYOP INDUSTRIES LTD,PZ WILMAR,EYOP INDUSTRIES LTD,Nigeria,5.11551667,8.569869,Not RSPO Certified
gar,UJUNG TANJUNG,SINAR MAS,IVO MAS TUNGGAL,Indonesia,0.969733,101.26075,RSPO Certified
gar,LIBO,SINAR MAS,IVO MAS TUNGGAL,Indonesia,0.928611,101.206389,RSPO Certified
gar,SAM-SAM,SINAR MAS,IVO MAS TUNGGAL,Indonesia,0.9375,101.3002,RSPO Certified
gar,SEKIJANG,SINAR MAS,BUANA WIRALESTARI MAS,Indonesia,0.833933,101.044283,RSPO Certified
gar,NAGA SAKTI,SINAR MAS,BUANA WIRALESTARI MAS,Indonesia,0.7827,101.049567,RSPO Certified
gar,RAMARAMA,SINAR MAS,RAMAJAYA PRAMUKTI,Indonesia,0.533494,101.076381,RSPO Certified
gar,BUMI PALMA,SINAR MAS,BUMIPALMA LESTARIPERSADA,Indonesia,-0.598056,102.983333,Not RSPO Certified
gar,INDRA SAKTI,SINAR MAS,MEGANUSA INTISAWIT,Indonesia,-0.5692,102.305851,RSPO Certified
gar,PADANG HALABAN,SINAR MAS,SINAR MAS AGRO RESOURCES AND TECHNOLOGY,Indonesia,2.319167,99.839444,RSPO Certified
gar,LANGGA PAYUNG PALM OIL MILL,SINAR MAS,TAPIAN NADENGGAN,Indonesia,1.654444,99.886944,RSPO Certified
gar,BATU AMPAR,SINAR MAS,SINAR MAS AGRO RESOURCES AND TECHNOLOGY,Indonesia,-3.1981,116.0219,RSPO Certified
gar,TANAH LAUR,SINAR MAS,SINAR MAS AGRO RESOURCES AND TECHNOLOGY,Indonesia,-3.790278,115.283056,RSPO Certified
gar,HANAU,SINAR MAS,TAPIAN NADENGGAN,Indonesia,-2.360861,112.109694,RSPO Certified
gar,SUNGAI RUNGAU,SINAR MAS,BINASAWIT ABADI PRATAMA,Indonesia,-2.3206,112.334,RSPO Certified
gar,SEMILAR,SINAR MAS,TAPIAN NADENGGAN,Indonesia,-2.248111,112.340417,RSPO Certified
gar,SUNGAI BUAYA,SINAR MAS,SUMBER INDAH PERKASA,Indonesia,-4.128611,105.438839,RSPO Certified
gar,SUNGAI MERAH,SINAR MAS,SUMBER INDAH PERKASA,Indonesia,-4.218444,105.588769,RSPO Certified
gar,JELATANG,SINAR MAS,KRESNA DUTA AGROINDO,Indonesia,-2.072222,102.485833,RSPO Certified
gar,LANGLING,SINAR MAS,KRESNA DUTA AGROINDO,Indonesia,-2.100833,102.374444,RSPO Certified
gar,MASKAPAI PERKEBUAN LEIDONG WEST,SINAR MAS,MASKAPAI PERKEBUNAN LEIDONG WEST INDONESIA,Indonesia,-1.901389,105.476389,RSPO Certified
gar,TANJUNG KEMBIRI,SINAR MAS,FORESTA LESTARI DWIKARYA,Indonesia,-3.0324871,107.770416,RSPO Certified
gar,BUMI SAWIT,SINAR MAS,BUMI SAWIT PERMAI,Indonesia,-3.5257,104.3443,RSPO Certified
gar,PANGKALAN PANJI,SINAR MAS,SAWIT MAS SEJAHTERA,Indonesia,-2.948531,104.466511,RSPO Certified
gar,MUARA KANDIS,SINAR MAS,DJUANDA SAWIT LESTARI,Indonesia,-2.900278,103.1775,RSPO Certified
gar,PEKAWAI,SINAR MAS,AGRO LESTARI MANDIRI,Indonesia,-1.521222,110.458915,RSPO Certified
gar,KENANGA PALM OIL MILL,GOLDEN AGRI RESOURCES ,KENCANA GRAHA PERMAI,Indonesia,-2.1404,110.5158,RSPO Certified
gar,SUNGAI BENGKAL,SINAR MAS,SATYA KISMA USAHA,Indonesia,-1.590556,102.61,RSPO Certified
gar,BUKIT PERAK,SINAR MAS,BUMI PERMAI LESTARI,Indonesia,-1.820147,105.5509042,RSPO Certified
gar,MUARA WAHAU,SINAR MAS,KRESNA DUTA AGROINDO,Indonesia,1.111161,117.023161,RSPO Certified
gar,JAK LUAY,SINAR MAS,TAPIAN NADENGGAN,Indonesia,0.950833,116.915,RSPO Certified
gar,PT BINASAWIT ABADI PRATAMA - PERDANA MILL,SINAR MAS,BINASAWIT ABADI PRATAMA,Indonesia,-2.422506,112.359586,Not RSPO Certified
gar,BATU KAPUR,SINAR MAS,SINAR MAS AGRO RESOURCES AND TECHNOLOGY,Indonesia,-2.942661,116.047451,Not RSPO Certified
gar,BELIAN,SINAR MAS,PARAMITRA INTERNUSA PRATAMA,Indonesia,0.487029,111.845392,RSPO Certified
gar,PERSADA GRAHA MANDIRI,SINAR MAS,PERSADA GRAHA MANDIRI,Indonesia,0.400721,111.730713,Not RSPO Certified
gar,SUNGAI KIKIM,SINAR MAS,SAWIT MAS SEJAHTERA,Indonesia,-3.633013,103.219098,RSPO Certified
gar,PELAKAR,SINAR MAS,KRESNA DUTA AGROINDO,Indonesia,-2.185278,102.642222,RSPO Certified
gar,SENAKIN,SINAR MAS,SINAR KENCANA INTI PERKASA,Indonesia,-2.807667,116.186301,Not RSPO Certified
gar,SUNGAI KUPANG,SINAR MAS,SINAR KENCANA INTI PERKASA,Indonesia,-3.053367,116.015417,RSPO Certified
gar,KUAYAN,SINAR MAS,AGROKARYA PRIMA LESTARI,Indonesia,-1.970503,112.370324,Not RSPO Certified
gar,TANGAR,SINAR MAS,MITRA KARYA AGRO INDO,Indonesia,-2.243602,112.299345,Not RSPO Certified
gar,KAPUASINDO PALM INDUSTRY,SINAR MAS,KAPUASINDO PALM INDUSTRY,Indonesia,1.019664,111.879215,Not RSPO Certified
gar,KASUARI,SINAR MAS,SINAR KENCANA INTI PERKASA,Indonesia,-2.973111,140.029917,RSPO Certified
gar,SUNGAI MAGALAU,UNKNOWN,GOLDEN AGRI RESOURCES,Indonesia,-2.78526,116.1714,Not RSPO Certified
gar,JALEMO,SINAR MAS,AGROLESTARI SENTOSA,Indonesia,-1.3482,113.5022,Not RSPO Certified
gar,SAWITA,SINAR MAS,SAWITA KARYA MANUNGGUL,Indonesia,-2.546639,116.140667,RSPO Certified
gar,SAKO,SINAR MAS,ADITUNGGAL MAHAJAYA,Indonesia,-2.0356,112.2387,Not RSPO Certified
gar,SUNGAI AIR JERNIH,SINAR MAS,BAHANA KARYA SEMESTA,Indonesia,-2.086512,102.801493,Not RSPO Certified
gar,RANTAU PANJANG,SINAR MAS,KRESNA DUTA AGROINDO,Indonesia,0.97045,116.828096,RSPO Certified
gar,GUNUNG KOMBENG,SINAR MAS,KRESNA DUTA AGROINDO,Indonesia,1.112055,117.02188,Not RSPO Certified
gar,BANGUNG NUSA MANDIRI KENARI,UNKNOWN,GOLDEN AGRI RESOURCES,Indonesia,-2.16516,110.92084,Not RSPO Certified
sdguthrie,BINUANG (SOU 28),SIME DARBY,SIME DARBY PLANTATION BHD,Malaysia,4.704457,118.060186,RSPO Certified
sdguthrie,MEROTAI (SOU 30),SIME DARBY,SIME DARBY PLANTATION BHD,Malaysia,4.369347,117.832905,RSPO Certified
sdguthrie,SANDAKAN BAY (SOU 26),SIME DARBY,SIME DARBY PLANTATION BHD,Malaysia,5.641362,118.166868,RSPO Certified
sdguthrie,EAST (SOU 8),SIME DARBY,SIME DARBY PLANTATION BHD,Malaysia,2.883333,101.436136,RSPO Certified
sdguthrie,TANAH MERAH (SOU 14),SIME DARBY,SIME DARBY PLANTATION BHD,Malaysia,2.655278,101.792778,RSPO Certified
sdguthrie,SEGALIUD (SOU 25),SIME DARBY,SIME DARBY PLANTATION BHD,Malaysia,5.726001,117.754574,Not RSPO Certified
sdguthrie,WEST (SOU 9),SIME DARBY,SIME DARBY PLANTATION BHD,Malaysia,2.905,101.361306,RSPO Certified
sdguthrie,SUNGAI DINGIN (SOU 1),SIME DARBY,SIME DARBY PLANTATION BHD,Malaysia,5.39432,100.71117,RSPO Certified
sdguthrie,YONG PENG (SOU 19A),SIME DARBY,SIME DARBY PLANTATION BHD,Malaysia,2.058808,103.148394,Not RSPO Certified
sdguthrie,BUKIT KERAYONG (SOU 7),SIME DARBY,SIME DARBY PLANTATION BHD,Malaysia,3.186861,101.374889,Not RSPO Certified
sdguthrie,JABOR (SOU 12),SIME DARBY,SIME DARBY PLANTATION BHD,Malaysia,3.960833,103.308889,RSPO Certified
sdguthrie,TENNAMARAM (SOU 6),SIME DARBY,SIME DARBY PLANTATION BHD,Malaysia,3.395639,101.417614,RSPO Certified
sdguthrie,GIRAM (SOU 29),SIME DARBY,SIME DARBY PLANTATION BHD,Malaysia,4.586785,118.193914,RSPO Certified
sdguthrie,GUNUNG MAS (SOU 21),SIME DARBY,SIME DARBY PLANTATION BHD,Malaysia,2.243544,103.137941,RSPO Certified
sdguthrie,DIAMOND JUBILEE (SOU 18),SIME DARBY,SIME DARBY PLANTATION BHD,Malaysia,2.324247,102.482843,RSPO Certified
sdguthrie,NORDANAL (SOU 19),SIME DARBY,SIME DARBY PLANTATION BHD,Malaysia,2.183333,102.733333,Not RSPO Certified
sdguthrie,CHAAH (SOU 20),SIME DARBY,SIME DARBY PLANTATION BHD,Malaysia,2.148725,102.973994,RSPO Certified
sdguthrie,ELPHIL (SOU 3),SIME DARBY,SIME DARBY PLANTATION BHD,Malaysia,4.89058,101.093096,RSPO Certified
sdguthrie,BUKIT PUTERI (SOU 10),SIME DARBY,SIME DARBY PLANTATION BHD,Malaysia,4.202694,101.862639,RSPO Certified
sdguthrie,SERI INTAN (SOU 5),SIME DARBY,SIME DARBY PLANTATION BHD,Malaysia,3.969228,100.985558,RSPO Certified
sdguthrie,BUKIT BENUT (SOU 22),SIME DARBY,SIME DARBY PLANTATION BHD,Malaysia,1.931143,103.347365,RSPO Certified
sdguthrie,SELABA (SOU 5),SIME DARBY,SIME DARBY PLANTATION BHD,Malaysia,3.9889722,101.081278,RSPO Certified
sdguthrie,FLEMINGTON (SOU 4),SIME DARBY,SIME DARBY PLANTATION BHD,Malaysia,3.928056,100.857222,RSPO Certified
sdguthrie,KERDAU (SOU 11),SIME DARBY,SIME DARBY PLANTATION BHD,Malaysia,3.569444,102.278333,RSPO Certified
sdguthrie,KOK FOH (SOU 16),SIME DARBY,SIME DARBY PLANTATION BHD,Malaysia,2.784667,102.504167,RSPO Certified
sdguthrie,LABU (SOU 13),SIME DARBY,SIME DARBY PLANTATION BHD,Malaysia,2.748889,101.8045,Not RSPO Certified
sdguthrie,SUA BETONG (SOU 15),SIME DARBY,SIME DARBY PLANTATION BHD,Malaysia,2.52833,101.895278,Not RSPO Certified
sdguthrie,MELALAP (SOU 27),SIME DARBY,SIME DARBY PLANTATION BHD,Malaysia,5.230789,115.986263,RSPO Certified
sdguthrie,HADAPAN (SOU 24),SIME DARBY,SIME DARBY PLANTATION BHD,Malaysia,1.76216,103.448669,RSPO Certified
sdguthrie,CHERSONESE (SOU 2),SIME DARBY,SIME DARBY PLANTATION BHD,Malaysia,4.978457,100.461902,RSPO Certified
sdguthrie,PEKAKA (SOU 34),SIME DARBY,SIME DARBY PLANTATION BHD,Malaysia,3.461379,113.654176,Not RSPO Certified
sdguthrie,LAVANG (SOU 31),SIME DARBY,SIME DARBY PLANTATION BHD,Malaysia,3.4283333,113.60028,RSPO Certified
sdguthrie,RAJAWALI (SOU 32),SIME DARBY,SIME DARBY PLANTATION BHD,Malaysia,3.372505,113.400597,RSPO Certified
sdguthrie,DERAWAN (SOU 33),SIME DARBY,SIME DARBY PLANTATION BHD,Malaysia,3.390203,113.345417,RSPO Certified
sdguthrie,ULU REMIS (SOU 23),SIME DARBY,SIME DARBY PLANTATION BHD,Malaysia,1.834444,103.4625,RSPO Certified
sdguthrie,KEMPAS (SOU 17),SIME DARBY,SIME DARBY PLANTATION BHD,Malaysia,2.243522,102.481386,Not RSPO Certified
sdguthrie,PAGOH (SOU 19),SIME DARBY,SIME DARBY PLANTATION BHD,Malaysia,2.077424,102.718519,RSPO Certified
sdguthrie,SEPANG (SOU 09A),SIME DARBY,SIME DARBY PLANTATION BHD,Malaysia,2.678486,101.731956,Not RSPO Certified
sdguthrie,MOSTYN (SOU 30B),SIME DARBY,SIME DARBY PLANTATION BHD,Malaysia,4.666954,118.203458,Not RSPO Certified
sdguthrie,ERAP / MARKHAM FAMRING ,SIME DARBY PLANTATION BHD,MARKHAM FARMING COMPANY LTD,Papua New Guinea,-6.58087,146.64222,RSPO Certified
sdguthrie,TAMIANG POM,SIME DARBY,PT PADANG PALMA PERMAI,Indonesia,4.30555,98.0267,Not RSPO Certified
musimmas,BATANG KULIM,MUSIM MAS,MUSIM MAS HOLDINGS PTE LTD,Indonesia,0.077043,102.030838,RSPO Certified
musimmas,AGROWIRATAMA,MUSIM MAS,AGRO WIRATAMA,Indonesia,0.198958,99.626589,RSPO Certified
musimmas,SUKAJADI SAWIT MEKAR 1,MUSIM MAS,SUKAJADI SAWIT MEKAR,Indonesia,-2.381111,112.539722,RSPO Certified
musimmas,SUKAJADI SAWIT MEKAR 2,MUSIM MAS,SUKAJADI SAWIT MEKAR,Indonesia,-2.37025,112.6026111,RSPO Certified
musimmas,MAJU ANEKA SAWIT,MUSIM MAS,MAJU ANEKA SAWIT,Indonesia,-2.478167,112.647611,RSPO Certified
musimmas,BERKAT SAWIT SEJATI,MUSIM MAS,BERKAT SAWIT SEJATI,Indonesia,-2.3192778,103.7116389,RSPO Certified
musimmas,UNGGUL LESTARI,MUSIM MAS,UNGGUL LESTARI,Indonesia,-1.5958444,112.598831,RSPO Certified
musimmas,SIRINGO RINGO,MUSIM MAS,SIRINGO-RINGO,Indonesia,2.1,99.77,RSPO Certified
musimmas,GUNTUNG IDAMAN NUSA 1,MUSIM MAS,GUNTUNG IDAMAN NUSA,Indonesia,0.16161,103.289583,RSPO Certified
musimmas,BAHANA NUSA INTERINDO,MUSIM MAS,BAHANA NUSA INTERINDO,Indonesia,1.69686,100.701833,Not RSPO Certified
musimmas,GUNTUNG IDAMAN NUSA 2,MUSIM MAS,GUNTUNG IDAMAN NUSA,Indonesia,0.0530444,103.20761,RSPO Certified
musimmas,MULTI PERSADA GATRA MEGAH,MUSIM MAS,MULTI PERSADA GATRA MEGAH,Indonesia,-0.770833,114.741222,RSPO Certified
musimmas,SINAR AGRO RAYA,MUSIM MAS,SINAR AGRO RAYA,Indonesia,0.419917,101.756389,Not RSPO Certified
musimmas,INDOMAKMUR SAWIT BERJAYA,MUSIM MAS,INDOMAKMUR SAWIT BERJAYA,Indonesia,0.93491,100.351975,Not RSPO Certified
musimmas,SARANA ESA CITA,MUSIM MAS,SARANA ESA CITA,Indonesia,1.358028,109.383631,RSPO Certified
musimmas,GLOBALINDO ALAM PERKASA PALM OIL MILL,UNKNOWN,MUSIM MAS HOLDINGS PTE LTD,Indonesia,-2.667978,112.772158,RSPO Certified
musimmas,PT. LESTARI ABADI PERKASA,UNKNOWN,MUSIM MAS HOLDINGS PTE LTD,Indonesia,-1.7241,110.6734,RSPO Certified
musimmas,AGRO PALINDO SAKTI,MUSIM MAS,PT INTIBENUA PERKASATAMA - LUBUK GAUNG,Indonesia,-2.711058889,104.3430056,Not RSPO Certified
ioi,PAMOL SABAH,IOI CORPORATION,PAMOL ESTATES (SABAH) SDN BHD,Malaysia,6.002431,117.398389,RSPO Certified
ioi,GOMALI,IOI CORPORATION,IOI CORPORATION BHD,Malaysia,2.611826,102.678656,RSPO Certified
ioi,PAMOL KLUANG,IOI CORPORATION,IOI CORPORATION BHD,Malaysia,2.110445,103.392307,RSPO Certified
ioi,SAKILAN,IOI CORPORATION,IOI CORPORATION BHD,Malaysia,5.839281,117.8437,RSPO Certified
ioi,BATURONG,IOI CORPORATION,IOI CORPORATION BHD,Malaysia,4.7553,118.0886,RSPO Certified
ioi,BUKIT LEELAU,IOI CORPORATION,IOI CORPORATION BHD,Malaysia,3.30273,103.137889,RSPO Certified
ioi,MAYVIN,IOI CORPORATION,IOI CORPORATION BHD,Malaysia,5.5553,117.226439,RSPO Certified
ioi,PUKIN,IOI CORPORATION,SYARIKAT PUKIN LADANG KELAPA SAWIT SDN BHD,Malaysia,2.72235,102.911,RSPO Certified
ioi,SYARIMO,IOI CORPORATION,SYARIMO SDN BHD,Malaysia,5.334037,117.781334,RSPO Certified
ioi,LADANG SABAH,IOI CORPORATION,LADANG SABAH SDN BHD,Malaysia,5.729989,117.57775,RSPO Certified
ioi,LEEPANG,IOI CORPORATION,IOI CORPORATION BHD,Malaysia,5.549056,118.437595,RSPO Certified
ioi,MORISEM,IOI CORPORATION,IOI CORPORATION BHD,Malaysia,5.493525,118.370047,RSPO Certified
ioi,UNICO,IOI CORPORATION,IOI CORPORATION BHD,Malaysia,5.150056,118.222056,Not RSPO Certified
ioi,UNICO DESA,IOI CORPORATION,IOI CORPORATION BHD,Malaysia,5.4130889,118.529333,RSPO Certified
ioi,SUKSES KARYA SAWIT,IOI CORPORATION,SUKSES KARYA SAWIT,Indonesia,-2.801034,110.59375,RSPO Certified
klk,KEKAYAAN PALM OIL MILL,KUALA LUMPUR KEPONG (KLK),KUALA LUMPUR KEPONG BHD,Malaysia,2.204546,103.270394,RSPO Certified
klk,BORNION,KUALA LUMPUR KEPONG (KLK),KL-KEPONG (SABAH) SDN BHD,Malaysia,5.609,117.7899,RSPO Certified
klk,RIMMER,KUALA LUMPUR KEPONG (KLK),KL-KEPONG (SABAH) SDN BHD,Malaysia,5.0193,118.5715,RSPO Certified
klk,LUNGMANIS,KUALA LUMPUR KEPONG (KLK),KL-KEPONG (SABAH) SDN BHD,Malaysia,5.08395,118.58825,Not RSPO Certified
klk,JERAM PADANG,KUALA LUMPUR KEPONG (KLK),KUALA LUMPUR KEPONG BHD,Malaysia,2.735111,102.4085,RSPO Certified
klk,MANDAU,KUALA LUMPUR KEPONG (KLK),ADEI PLANTATION AND INDUSTRY,Indonesia,1.081944,101.333361,RSPO Certified
klk,PINANG,KUALA LUMPUR KEPONG (KLK),KL-KEPONG (SABAH) SDN BHD,Malaysia,4.450414,118.278194,RSPO Certified
klk,MILL 2,KUALA LUMPUR KEPONG (KLK),KL-KEPONG (SABAH) SDN BHD,Malaysia,4.4550861,118.223825,RSPO Certified
klk,TAPUNG KANAN,KUALA LUMPUR KEPONG (KLK),SEKARBUMI ALAMLESTARI,Indonesia,0.757222,101.219722,RSPO Certified
klk,TANJONG MALIM,KUALA LUMPUR KEPONG (KLK),KUALA LUMPUR KEPONG BHD,Malaysia,3.695,101.485667,RSPO Certified
klk,BATU LINTANG,KUALA LUMPUR KEPONG (KLK),KUALA LUMPUR KEPONG BHD,Malaysia,5.193591,100.62843,RSPO Certified
klk,TUAN MEE,KUALA LUMPUR KEPONG (KLK),KUALA LUMPUR KEPONG BHD,Malaysia,3.265156,101.463279,RSPO Certified
klk,CHANGKAT CHERMIN,KUALA LUMPUR KEPONG (KLK),KUALA LUMPUR KEPONG BHD,Malaysia,4.27527,100.78498,RSPO Certified
klk,NILO 1,KUALA LUMPUR KEPONG (KLK),ADEI PLANTATION AND INDUSTRY,Indonesia,0.3480556,101.971667,RSPO Certified
klk,NILO 2,KUALA LUMPUR KEPONG (KLK),ADEI PLANTATION AND INDUSTRY,Indonesia,0.3525,102.094722,RSPO Certified
klk,KUALA PERTANG,KUALA LUMPUR KEPONG (KLK),KUALA LUMPUR KEPONG BHD,Malaysia,5.623056,102.238056,RSPO Certified
klk,STEELINDO WAHANA PERKASA,KUALA LUMPUR KEPONG (KLK),STEELINDO WAHANA PERKASA,Indonesia,-2.723503,108.062656,RSPO Certified
klk,PALOH KKS,KUALA LUMPUR KEPONG (KLK),KUALA LUMPUR KEPONG BHD,Malaysia,2.211246,103.213124,Not RSPO Certified
klk,PADANG BRAHRANG,KUALA LUMPUR KEPONG (KLK),LANGKAT NUSANTARA KEPONG,Indonesia,3.5606,98.390547,Not RSPO Certified
klk,BERAU,KUALA LUMPUR KEPONG (KLK),HUTAN HIJAU MAS,Indonesia,2.2114,117.165867,RSPO Certified
klk,PARIT SEMBADA,KUALA LUMPUR KEPONG (KLK),PARIT SEMBADA,Indonesia,-2.739621,108.001782,RSPO Certified
klk,JABON,KUALA LUMPUR KEPONG (KLK),JABONTARA EKA KARSA,Indonesia,1.243126,118.338642,RSPO Certified
klk,STABAT,KUALA LUMPUR KEPONG (KLK),LANGKAT NUSANTARA KEPONG,Indonesia,3.759722,98.393056,RSPO Certified
klk,KARYA MAKMUR ABADI,KUALA LUMPUR KEPONG (KLK),KARYA MAKMUR ABADI,Indonesia,-2.0422611,112.4899694,RSPO Certified
klk,SATU SEMBILAN DELAPAN,KUALA LUMPUR KEPONG (KLK),SATU SEMBILAN DELAPAN,Indonesia,2.14256,117.298381,RSPO Certified
klk,MULIA AGRO PERMAI,KUALA LUMPUR KEPONG (KLK),MULIA AGRO PERMAI,Indonesia,-2.43264,112.75315,RSPO Certified
klk,TANJUNG KELILING PALM OIL MILL,KUALA LUMPUR KEPONG (KLK),PT LANGKAT NUSANTARA KEPONG,Indonesia,3.511241,98.305888,RSPO Certified
klk,MILL 1,KUALA LUMPUR KEPONG (KLK),KL-KEPONG (SABAH) SDN BHD,Malaysia,4.4558944,118.222306,Not RSPO Certified
klk,PT KARYA MAKMUR ABADI,KUALA LUMPUR KEPONG (KLK),KUALA LUMPUR KEPONG BHD,Indonesia,-1.95718,111.49822,RSPO Certified
klk,PUTRA BONGAN JAYA,UNKNOWN,KUALA LUMPUR KEPONG BHD,Indonesia,-0.66961,116.331786,RSPO Certified
bumitama,PUNDU NABATINDO,BUMITAMA GUNAJAYA AGRO (BGA),WINDU NABATINDO LESTARI,Indonesia,-1.993167,113.060706,RSPO Certified
bumitama,GUNUNG MAKMUR,BUMITAMA GUNAJAYA AGRO (BGA),KARYA MAKMUR BAHAGIA,Indonesia,-1.761271,112.597416,RSPO Certified
bumitama,KENDAWANGAN,BUMITAMA GUNAJAYA AGRO (BGA),GUNAJAYA KARYA GEMILANG,Indonesia,-2.445833,110.265833,RSPO Certified
bumitama,KOTAWARINGIN,BUMITAMA GUNAJAYA AGRO (BGA),BUMITAMA GUNAJAYA ABADI,Indonesia,-2.391111,111.373333,Not RSPO Certified
bumitama,BUKIT TUNGGAL JAYA,BUMITAMA GUNAJAYA AGRO (BGA),LADANG SAWIT MAS,Indonesia,-1.546404,110.344014,RSPO Certified
bumitama,SUKADAMAI,BUMITAMA GUNAJAYA AGRO (BGA),ROHUL SAWIT INDUSTRI,Indonesia,0.68325,100.529233,RSPO Certified
bumitama,PEMBANGUNAN RAYA,BUMITAMA GUNAJAYA AGRO (BGA),AGRO SEJAHTERA MANUNGGAL,Indonesia,-2.546278,110.384971,RSPO Certified
bumitama,KATARI AGRO,BUMITAMA GUNAJAYA AGRO (BGA),WINDU NABATINDO LESTARI,Indonesia,-2.091944,113.033333,RSPO Certified
bumitama,BUKIT MAKMUR,BUMITAMA GUNAJAYA AGRO (BGA),KARYA MAKMUR BAHAGIA,Indonesia,-1.567778,112.72111,RSPO Certified
bumitama,SUNGAI RASAU,BUMITAMA GUNAJAYA AGRO (BGA),KARYA BAKTI AGRO SEJAHTERA,Indonesia,-2.283611,110.503333,RSPO Certified
bumitama,LAMANDAU,BUMITAMA GUNAJAYA AGRO (BGA),BUMITAMA GUNAJAYA ABADI,Indonesia,-2.505465,111.360135,Not RSPO Certified
bumitama,SUNGAI CEMPAGA,BUMITAMA GUNAJAYA AGRO (BGA),WINDU NABATINDO ABADI,Indonesia,-1.798,112.98541,RSPO Certified
bumitama,BUKIT BELABAN JAYA,BUMITAMA GUNAJAYA AGRO (BGA),SENTOSA PRIMA AGRO,Indonesia,-1.7511,110.491483,Not RSPO Certified
bumitama,TONAM RAYA,UNKNOWN,BUMITAMA GUNAJAYA ABADI,Indonesia,-2.42877,111.29818,Not RSPO Certified
astraagro,AGRO NUSA ABADI,ASTRA AGRO LESTARI,AGRO NUSA ABADI,Indonesia,-2.129894,121.484959,Not RSPO Certified
astraagro,BORNEO INDAH MARJAYA,ASTRA AGRO LESTARI,BORNEO INDAH MARJAYA,Indonesia,-2.033198,116.401023,Not RSPO Certified
astraagro,LETAWA,ASTRA AGRO LESTARI,LETAWA,Indonesia,-1.332133,119.42824,Not RSPO Certified
astraagro,PASANGKAYU,ASTRA AGRO LESTARI,PASANGKAYU,Indonesia,-1.222355,119.472451,Not RSPO Certified
astraagro,SURYARAYA LESTARI 2,ASTRA AGRO LESTARI,SURYARAYA LESTARI,Indonesia,-2.1151333,119.2570917,Not RSPO Certified
astraagro,GUNUNG SEJAHTERA DUA INDAH,ASTRA AGRO LESTARI,GUNUNG SEJAHTERA DUA INDAH,Indonesia,-2.30085,111.837333,Not RSPO Certified
astraagro,PERKEBUNAN LEMBAH BHAKTI 1,ASTRA AGRO LESTARI,PERKEBUNAN LEMBAH BHAKTI,Indonesia,2.314164,97.995719,Not RSPO Certified
astraagro,GUNUNG SEJAHTERA PUTI PESONA,ASTRA AGRO LESTARI,GUNUNG SEJAHTERA PUTI PESONA,Indonesia,-2.366254,111.955128,Not RSPO Certified
astraagro,GUNUNG SEJAHTERA IBU PERTIWI,ASTRA AGRO LESTARI,GUNUNG SEJAHTERA IBU PERTIWI,Indonesia,-2.38,111.79,Not RSPO Certified
astraagro,SUBUR AGRO MAKMUR,ASTRA AGRO LESTARI,SUBUR AGRO MAKMUR,Indonesia,-2.652773,114.970661,Not RSPO Certified
astraagro,TUNGGAL PERKASA PLANTATIONS,ASTRA AGRO LESTARI,TUNGGAL PERKASA PLANTATIONS,Indonesia,-0.305183,102.273183,Not RSPO Certified
astraagro,KIMIA TIRTA UTAMA,ASTRA AGRO LESTARI,KIMIA TIRTA UTAMA,Indonesia,0.674633,101.728917,Not RSPO Certified
astraagro,SAWIT ASAHAN INDAH,ASTRA AGRO LESTARI,SAWIT ASAHAN INDAH,Indonesia,0.761311,100.519011,Not RSPO Certified
astraagro,EKA DURA INDONESIA,ASTRA AGRO LESTARI,EKA DURA INDONESIA,Indonesia,0.88425,100.611683,Not RSPO Certified
astraagro,WARU KALTIM PLANTATION,ASTRA AGRO LESTARI,WARU KALTIM PLANTATION,Indonesia,-1.329667,116.544033,Not RSPO Certified
astraagro,SURYARAYA LESTARI 1,ASTRA AGRO LESTARI,SURYARAYA LESTARI,Indonesia,-1.69379,119.36168,Not RSPO Certified
astraagro,SARI ADITYA LOKA 1,ASTRA AGRO LESTARI,SARI ADITYA LOKA,Indonesia,-1.957817,102.37265,Not RSPO Certified
astraagro,ASTRA AGRO LESTARI 1,ASTRA AGRO LESTARI,ASTRA AGRO LESTARI,Indonesia,-1.99055,115.509267,Not RSPO Certified
astraagro,KARYA TANAH SUBUR,ASTRA AGRO LESTARI,KARYA TANAH SUBUR,Indonesia,4.349722,96.164444,Not RSPO Certified
astraagro,SUMBER KHARISMA PERSADA,ASTRA AGRO LESTARI,SUMBER KHARISMA PERSADA,Indonesia,1.014086,118.048363,Not RSPO Certified
astraagro,NIRMALA AGRO LESTARI,ASTRA AGRO LESTARI,NIRMALA AGRO LESTARI,Indonesia,-2.091933,111.48705,Not RSPO Certified
astraagro,SARI LEMBAH SUBUR 1,ASTRA AGRO LESTARI,SARI LEMBAH SUBUR,Indonesia,-0.051,102.252,Not RSPO Certified
astraagro,SURYA INDAH NUSANTARA PAGI,ASTRA AGRO LESTARI,SURYAINDAH NUSANTARA PAGI,Indonesia,-2.255,111.976,Not RSPO Certified
astraagro,SUKSES TANI SUBUR,ASTRA AGRO LESTARI,SUKSES TANI NUSASUBUR,Indonesia,-1.381201,116.474659,Not RSPO Certified
astraagro,SARI LEMBAH SUBUR 2,ASTRA AGRO LESTARI,SARI LEMBAH SUBUR,Indonesia,-0.002078,102.196417,Not RSPO Certified
astraagro,LESTARI TANI TELADAN,ASTRA AGRO LESTARI,LESTARI TANI TELADAN,Indonesia,-1.370466,119.486578,Not RSPO Certified
astraagro,KARYANUSA EKA DAYA 1,ASTRA AGRO LESTARI,KARYANUSA EKADAYA,Indonesia,0.991853,116.753692,Not RSPO Certified
astraagro,SARI ADITYA LOKA 2,ASTRA AGRO LESTARI,SARI ADITYA LOKA,Indonesia,-1.65128,102.308184,Not RSPO Certified
astraagro,PERKEBUNAN LEMBAH BHAKTI 2,ASTRA AGRO LESTARI,PERKEBUNAN LEMBAH BHAKTI,Indonesia,2.56063,97.94867,Not RSPO Certified
astraagro,LARAS ASTRA KARTIKA,RAJAWALI NUSANTARA INDONESIA (RNI),LARAS ASTRA KARTIKA,Indonesia,-4.081368,104.540871,Not RSPO Certified
astraagro,KARYANUSA EKA DAYA 2,ASTRA AGRO LESTARI,KARYANUSA EKADAYA,Indonesia,0.912337,116.734274,Not RSPO Certified
astraagro,CAKUNG PERMATA NUSA,ASTRA AGRO LESTARI,CAKUNG PERMATA NUSA,Indonesia,-2.13795447737,115.48848,Not RSPO Certified
astraagro,SAWIT JAYA ABADI,ASTRA AGRO LESTARI,PT SAWIT JAYA ABADI,Indonesia,-1.9595,120.83,Not RSPO Certified
astraagro,TRIBUANA MAS,ASTRA AGRO LESTARI,PT TRIBUANA MAS,Indonesia,-2.728,114.843,Not RSPO Certified
genting,GENTING AYER ITEM,GENTING PLANTATIONS,GENTING PLANTATIONS BHD,Malaysia,1.856092,103.209291,RSPO Certified
genting,GENTING INDAH,GENTING PLANTATIONS,GENTING SDC SDN BHD,Malaysia,5.375197,116.934967,RSPO Certified
genting,GENTING JAMBONGAN,GENTING PLANTATIONS,GENTING SDC SDN BHD,Malaysia,6.651844,117.446257,RSPO Certified
genting,GENTING MEWAH,GENTING PLANTATIONS,GENTING SDC SDN BHD,Malaysia,5.518017,117.7088,RSPO Certified
genting,MULIA,GENTING PLANTATIONS,SEPANJANG INTISURYA MULIA,Indonesia,-1.382733,110.479567,RSPO Certified
genting,GENTING SABAPALM,GENTING PLANTATIONS,GENTING SDC SDN BHD,Malaysia,5.965083,117.374111,RSPO Certified
genting,GENTING TANJUNG,GENTING PLANTATIONS,GENTING SDC SDN BHD,Malaysia,5.422626,118.273154,RSPO Certified
genting,DWIE WARNA KARYA,GENTING PLANTATIONS,DWIE WARNA KARYA,Indonesia,-0.84194,114.08,Not RSPO Certified
genting,GENTING TRUSHIDUP,GENTING PLANTATIONS,GENTING SDC SDN BHD,Malaysia,5.563278,117.979556,RSPO Certified
genting,KHARISMA INTI USAHA,GENTING PLANTATIONS,KHARISMA INTI USAHA,Indonesia,-3.00375,114.935778,RSPO Certified
genting,ASIATIC SABAPALM,GENTING PLANTATIONS,GENTING SDC SDN BHD,Malaysia,6.049534,117.353554,Not RSPO Certified
genting,SEPANJANG INTI SURYA UTAMA 2,GENTING PLANTATIONS,SEPANJANG INTI SURYA UTAMA,Indonesia,0.807253,110.765619,Not RSPO Certified
genting,GLOBALINDO AGUNG LESTARI,GENTING PLANTATIONS,GLOBALINDO AGUNG LESTARI,Indonesia,-2.584944,114.594417,RSPO Certified
genting,AGRO ABADI CEMERLANG ,UNKNOWN,GENTING PLANTATIONS BERHAD,Indonesia,-0.33938,110.1898,Not RSPO Certified
genting,KAPUAS MAJU JAYA/GEMILANG OIL MILL,GENTING,GENTING,Indonesia,-1.010477,114.271419,Not RSPO Certified
sipef,HARGY MILL,SIPEF,HARGY OIL PALM LTD,Papua New Guinea,-5.311111,151.01097,RSPO Certified
sipef,BUKIT MARADJA,SIPEF,EASTERN SUMATERA INDONESIA,Indonesia,3.012294,99.235572,RSPO Certified
sipef,PERLABIAN,SIPEF,TOLAN TIGA INDONESIA,Indonesia,2.061383,100.081222,RSPO Certified
sipef,NAVO MILL,SIPEF,HARGY OIL PALM LTD,Papua New Guinea,-5.094109,151.224494,Not RSPO Certified
sipef,MUKOMUKO POM,SIPEF,AGRO MUKO,Indonesia,-2.601342,101.277978,RSPO Certified
sipef,BUNGA TANJUNG,SIPEF,AGRO MUKO,Indonesia,-2.716388,101.369444,RSPO Certified
sipef,BAREMA PALM OIL MILL,SIPEF,HARGY OIL PALM LTD,Papua New Guinea,-5.210444,151.129872,Not RSPO Certified
sipef,UMBUL MAS WISESA,SIPEF,UMBUL MAS WISESA,Indonesia,2.210808,100.271064,RSPO Certified
sipef,SOUBRE,SIPEF,SIPEFCI,Côte d'Ivoire,5.668856,-6.273887,Not RSPO Certified
sipef,DENDYMARKER,SIPEF,DENDY MARKER INDAH LESTARI,Indonesia,-2.795033,102.944683,RSPO Certified
sipef,BOLO,SIPEF,SIPEFCI,Côte d'Ivoire,5.302021,-6.037097,RSPO Certified
firstresources,ARINDO TRI SEJAHTERA,FIRST RESOURCES,ARINDO TRISEJAHTERA,Indonesia,0.580556,100.926111,Not RSPO Certified
firstresources,MERIDAN SEJATI SURYA PLANTATION,FIRST RESOURCES,MERIDAN SEJATISURYA PLANTATION,Indonesia,0.5380278,101.729888,Not RSPO Certified
firstresources,CILIANDRA PERKASA,FIRST RESOURCES,CILIANDRA PERKASA,Indonesia,0.1621,101.0549,Not RSPO Certified
firstresources,SURYA INTISARI RAYA,FIRST RESOURCES,SURYA INTISARI RAYA,Indonesia,0.629583,101.5685,Not RSPO Certified
firstresources,PT SUBUR ARUMMAKMUR,FIRST RESOURCES,PT SUBUR ARUMMAKMUR,Indonesia,0.819333,100.8875,Not RSPO Certified
firstresources,PERDANA INTI SAWIT PERKASA 1,FIRST RESOURCES,PERDANA INTISAWIT PERKASA,Indonesia,1.140183,100.494367,Not RSPO Certified
firstresources,MURINI WOOD INDAH INDUSTRI,FIRST RESOURCES,MURINIWOOD INDAH INDUSTRY,Indonesia,1.39375,101.30525,Not RSPO Certified
firstresources,SWADAYA MUKTI PRAKARSA,FIRST RESOURCES,SWADAYA MUKTI PRAKARSA,Indonesia,-1.082883,110.38345,Not RSPO Certified
firstresources,MERIDAN SEJATI SURYA PLANTATION BANGSAL ACEH,FIRST RESOURCES,MERIDAN SEJATISURYA PLANTATION,Indonesia,1.7235,101.3789444,Not RSPO Certified
firstresources,TAMBUSAI,FIRST RESOURCES,PANCASURYA AGRINDO,Indonesia,1.157186,100.508333,Not RSPO Certified
firstresources,SUBUR ARUM MAKMUR II,FIRST RESOURCES,SUBUR ARUM MAKMUR,Indonesia,0.978389,100.7826,Not RSPO Certified
firstresources,LIMPAH SEJAHTERA,FIRST RESOURCES,LIMPAH SEJAHTERA,Indonesia,-1.716225,110.354369,Not RSPO Certified
firstresources,PERDANA INTI SAWIT PERKASA 2,FIRST RESOURCES,PERDANA INTISAWIT PERKASA,Indonesia,1.167333,100.704778,Not RSPO Certified
firstresources,KETAPANG AGRO LESTARI,FIRST RESOURCES,KETAPANG AGRO LESTARI,Indonesia,-0.875633,115.891653,Not RSPO Certified
firstresources,UMEKA SARI PRATAMA,FIRST RESOURCES,UMEKAH SARI PRATAMA,Indonesia,-2.1238,110.9809,Not RSPO Certified
firstresources,SURYA DUMAI AGRINDO MILL,UNKNOWN,FIRST RESOURCES,Indonesia,1.351417,102.067389,Not RSPO Certified
