company,mill_name,year,loss_ha
gar,UJUNG TANJUNG,2021,700.3818
gar,UJUNG TANJUNG,2022,186.1362
gar,UJUNG TANJUNG,2023,155.5139
gar,UJUNG TANJUNG,2024,498.2616
gar,UJUNG TANJUNG,2025,152.4276
gar,LIBO,2021,416.9038
gar,LIBO,2022,177.4471
gar,LIBO,2023,108.7113
gar,LIBO,2024,187.8097
gar,LIBO,2025,138.5703
gar,SAM-SAM,2021,792.7064
gar,SAM-SAM,2022,191.0568
gar,SAM-SAM,2023,155.5832
gar,SAM-SAM,2024,375.6058
gar,SAM-SAM,2025,168.1415
gar,SEKIJANG,2021,860.6403
gar,SEKIJANG,2022,1693.2775
gar,SEKIJANG,2023,836.25
gar,SEKIJANG,2024,2374.1741
gar,SEKIJANG,2025,634.2728
gar,NAGA SAKTI,2021,1569.6781
gar,NAGA SAKTI,2022,2483.9583
gar,NAGA SAKTI,2023,1945.0484
gar,NAGA SAKTI,2024,3401.1509
gar,NAGA SAKTI,2025,797.5315
gar,RAMARAMA,2021,695.2077
gar,RAMARAMA,2022,111.6864
gar,RAMARAMA,2023,2020.5191
gar,RAMARAMA,2024,185.6896
gar,RAMARAMA,2025,289.5477
gar,BUMI PALMA,2021,163.0919
gar,BUMI PALMA,2022,112.4347
gar,BUMI PALMA,2023,261.9121
gar,BUMI PALMA,2024,318.9215
gar,BUMI PALMA,2025,1064.5595
gar,INDRA SAKTI,2021,777.6885
gar,INDRA SAKTI,2022,831.6018
gar,INDRA SAKTI,2023,839.8526
gar,INDRA SAKTI,2024,905.8357
gar,INDRA SAKTI,2025,392.2414
gar,PADANG HALABAN,2021,212.0834
gar,PADANG HALABAN,2022,576.0841
gar,PADANG HALABAN,2023,697.2886
gar,PADANG HALABAN,2024,1149.4515
gar,PADANG HALABAN,2025,860.1744
gar,LANGGA PAYUNG PALM OIL MILL,2021,368.8413
gar,LANGGA PAYUNG PALM OIL MILL,2022,380.5269
gar,LANGGA PAYUNG PALM OIL MILL,2023,400.341
gar,LANGGA PAYUNG PALM OIL MILL,2024,392.7456
gar,LANGGA PAYUNG PALM OIL MILL,2025,767.9751
gar,BATU AMPAR,2021,514.9347
gar,BATU AMPAR,2022,347.2423
gar,BATU AMPAR,2023,1984.9408
gar,BATU AMPAR,2024,1511.0621
gar,BATU AMPAR,2025,1115.5731
gar,TANAH LAUR,2021,398.1508
gar,TANAH LAUR,2022,847.3375
gar,TANAH LAUR,2023,2085.0409
gar,TANAH LAUR,2024,945.6424
gar,TANAH LAUR,2025,738.8916
gar,HANAU,2021,605.7449
gar,HANAU,2022,320.6169
gar,HANAU,2023,843.1669
gar,HANAU,2024,1359.4576
gar,HANAU,2025,2019.906
gar,SUNGAI RUNGAU,2021,132.9512
gar,SUNGAI RUNGAU,2022,125.6775
gar,SUNGAI RUNGAU,2023,703.8674
gar,SUNGAI RUNGAU,2024,1610.0685
gar,SUNGAI RUNGAU,2025,1723.8371
gar,SEMILAR,2021,55.0556
gar,SEMILAR,2022,12.5373
gar,SEMILAR,2023,29.6695
gar,SEMILAR,2024,233.1461
gar,SEMILAR,2025,1272.2233
gar,SUNGAI BUAYA,2021,152.967
gar,SUNGAI BUAYA,2022,294.5096
gar,SUNGAI BUAYA,2023,1931.3976
gar,SUNGAI BUAYA,2024,1134.4292
gar,SUNGAI BUAYA,2025,1548.2069
gar,SUNGAI MERAH,2021,1032.7705
gar,SUNGAI MERAH,2022,768.3582
gar,SUNGAI MERAH,2023,961.3944
gar,SUNGAI MERAH,2024,517.6338
gar,SUNGAI MERAH,2025,939.1988
gar,JELATANG,2021,866.2125
gar,JELATANG,2022,901.1266
gar,JELATANG,2023,1009.5784
gar,JELATANG,2024,726.3141
gar,JELATANG,2025,687.6943
gar,LANGLING,2021,1082.7544
gar,LANGLING,2022,749.9532
gar,LANGLING,2023,1092.1055
gar,LANGLING,2024,963.0629
gar,LANGLING,2025,704.235
gar,MASKAPAI PERKEBUAN LEIDONG WEST,2021,792.3542
gar,MASKAPAI PERKEBUAN LEIDONG WEST,2022,2047.001
gar,MASKAPAI PERKEBUAN LEIDONG WEST,2023,2995.2225
gar,MASKAPAI PERKEBUAN LEIDONG WEST,2024,2138.7646
gar,MASKAPAI PERKEBUAN LEIDONG WEST,2025,1113.3231
gar,TANJUNG KEMBIRI,2021,145.2602
gar,TANJUNG KEMBIRI,2022,145.8361
gar,TANJUNG KEMBIRI,2023,274.5641
gar,TANJUNG KEMBIRI,2024,177.4237
gar,TANJUNG KEMBIRI,2025,278.1703
gar,BUMI SAWIT,2021,314.1173
gar,BUMI SAWIT,2022,511.2154
gar,BUMI SAWIT,2023,1264.0033
gar,BUMI SAWIT,2024,492.04
gar,BUMI SAWIT,2025,1414.7681
gar,PANGKALAN PANJI,2021,416.7212
gar,PANGKALAN PANJI,2022,231.8139
gar,PANGKALAN PANJI,2023,318.9219
gar,PANGKALAN PANJI,2024,418.3821
gar,PANGKALAN PANJI,2025,614.5755
gar,MUARA KANDIS,2021,978.7379
gar,MUARA KANDIS,2022,767.2041
gar,MUARA KANDIS,2023,1038.9848
gar,MUARA KANDIS,2024,1556.0155
gar,MUARA KANDIS,2025,1233.7334
gar,PEKAWAI,2021,138.2448
gar,PEKAWAI,2022,205.2265
gar,PEKAWAI,2023,238.5615
gar,PEKAWAI,2024,204.5591
gar,PEKAWAI,2025,119.72
gar,KENANGA PALM OIL MILL,2021,125.7538
gar,KENANGA PALM OIL MILL,2022,391.2217
gar,KENANGA PALM OIL MILL,2023,392.1125
gar,KENANGA PALM OIL MILL,2024,623.3748
gar,KENANGA PALM OIL MILL,2025,275.5377
gar,SUNGAI BENGKAL,2021,544.9464
gar,SUNGAI BENGKAL,2022,808.2833
gar,SUNGAI BENGKAL,2023,907.882
gar,SUNGAI BENGKAL,2024,694.9595
gar,SUNGAI BENGKAL,2025,750.8887
gar,BUKIT PERAK,2021,1279.2209
gar,BUKIT PERAK,2022,2020.9297
gar,BUKIT PERAK,2023,2290.108
gar,BUKIT PERAK,2024,867.4323
gar,BUKIT PERAK,2025,968.4216
gar,MUARA WAHAU,2021,189.4202
gar,MUARA WAHAU,2022,210.0865
gar,MUARA WAHAU,2023,627.341
gar,MUARA WAHAU,2024,493.2215
gar,MUARA WAHAU,2025,2465.9772
gar,JAK LUAY,2021,201.6685
gar,JAK LUAY,2022,236.1626
gar,JAK LUAY,2023,449.0374
gar,JAK LUAY,2024,330.3078
gar,JAK LUAY,2025,461.2103
gar,PT BINASAWIT ABADI PRATAMA - PERDANA MILL,2021,73.1732
gar,PT BINASAWIT ABADI PRATAMA - PERDANA MILL,2022,114.8927
gar,PT BINASAWIT ABADI PRATAMA - PERDANA MILL,2023,102.0292
gar,PT BINASAWIT ABADI PRATAMA - PERDANA MILL,2024,96.2575
gar,PT BINASAWIT ABADI PRATAMA - PERDANA MILL,2025,804.4554
gar,BATU KAPUR,2021,435.8218
gar,BATU KAPUR,2022,711.5565
gar,BATU KAPUR,2023,1260.7158
gar,BATU KAPUR,2024,1078.8397
gar,BATU KAPUR,2025,1476.7157
gar,BELIAN,2021,62.6048
gar,BELIAN,2022,148.5699
gar,BELIAN,2023,173.9753
gar,BELIAN,2024,129.1375
gar,BELIAN,2025,89.0728
gar,PERSADA GRAHA MANDIRI,2021,138.4232
gar,PERSADA GRAHA MANDIRI,2022,221.4689
gar,PERSADA GRAHA MANDIRI,2023,309.788
gar,PERSADA GRAHA MANDIRI,2024,170.7037
gar,PERSADA GRAHA MANDIRI,2025,133.7263
gar,SUNGAI KIKIM,2021,401.2175
gar,SUNGAI KIKIM,2022,917.7223
gar,SUNGAI KIKIM,2023,1466.7893
gar,SUNGAI KIKIM,2024,639.0101
gar,SUNGAI KIKIM,2025,525.5378
gar,PELAKAR,2021,709.483
gar,PELAKAR,2022,1014.567
gar,PELAKAR,2023,2509.548
gar,PELAKAR,2024,2034.0229
gar,PELAKAR,2025,1170.3219
gar,SENAKIN,2021,146.3393
gar,SENAKIN,2022,96.5577
gar,SENAKIN,2023,448.8955
gar,SENAKIN,2024,172.068
gar,SENAKIN,2025,512.8355
gar,SUNGAI KUPANG,2021,744.8572
gar,SUNGAI KUPANG,2022,231.315
gar,SUNGAI KUPANG,2023,830.7953
gar,SUNGAI KUPANG,2024,1045.0415
gar,SUNGAI KUPANG,2025,2060.091
gar,KUAYAN,2021,131.7063
gar,KUAYAN,2022,43.5282
gar,KUAYAN,2023,266.1994
gar,KUAYAN,2024,102.7475
gar,KUAYAN,2025,393.7724
gar,TANGAR,2021,82.539
gar,TANGAR,2022,24.1402
gar,TANGAR,2023,174.8711
gar,TANGAR,2024,960.7946
gar,TANGAR,2025,1397.3533
gar,KAPUASINDO PALM INDUSTRY,2021,345.6757
gar,KAPUASINDO PALM INDUSTRY,2022,212.1043
gar,KAPUASINDO PALM INDUSTRY,2023,266.8841
gar,KAPUASINDO PALM INDUSTRY,2024,217.971
gar,KAPUASINDO PALM INDUSTRY,2025,215.7579
gar,KASUARI,2021,705.4078
gar,KASUARI,2022,1680.2722
gar,KASUARI,2023,1689.4382
gar,KASUARI,2024,703.17
gar,KASUARI,2025,41.611
gar,SUNGAI MAGALAU,2021,126.0706
gar,SUNGAI MAGALAU,2022,99.7679
gar,SUNGAI MAGALAU,2023,466.4822
gar,SUNGAI MAGALAU,2024,265.3667
gar,SUNGAI MAGALAU,2025,852.3407
gar,JALEMO,2021,112.7132
gar,JALEMO,2022,146.2731
gar,JALEMO,2023,556.1498
gar,JALEMO,2024,600.3439
gar,JALEMO,2025,317.306
gar,SAWITA,2021,527.8907
gar,SAWITA,2022,799.4461
gar,SAWITA,2023,1257.3571
gar,SAWITA,2024,765.5412
gar,SAWITA,2025,248.6591
gar,SAKO,2021,121.5591
gar,SAKO,2022,243.285
gar,SAKO,2023,556.5078
gar,SAKO,2024,245.7077
gar,SAKO,2025,437.2181
gar,SUNGAI AIR JERNIH,2021,239.1654
gar,SUNGAI AIR JERNIH,2022,430.6963
gar,SUNGAI AIR JERNIH,2023,1036.0399
gar,SUNGAI AIR JERNIH,2024,771.8548
gar,SUNGAI AIR JERNIH,2025,643.9847
gar,RANTAU PANJANG,2021,112.903
gar,RANTAU PANJANG,2022,114.6406
gar,RANTAU PANJANG,2023,314.3763
gar,RANTAU PANJANG,2024,245.6427
gar,RANTAU PANJANG,2025,413.4011
gar,GUNUNG KOMBENG,2021,186.4601
gar,GUNUNG KOMBENG,2022,198.3608
gar,GUNUNG KOMBENG,2023,590.1934
gar,GUNUNG KOMBENG,2024,457.2641
gar,GUNUNG KOMBENG,2025,2448.8282
gar,BANGUNG NUSA MANDIRI KENARI,2021,177.0267
gar,BANGUNG NUSA MANDIRI KENARI,2022,297.7336
gar,BANGUNG NUSA MANDIRI KENARI,2023,731.5172
gar,BANGUNG NUSA MANDIRI KENARI,2024,861.3706
gar,BANGUNG NUSA MANDIRI KENARI,2025,584.6766
sdguthrie,BINUANG (SOU 28),2021,609.4875
sdguthrie,BINUANG (SOU 28),2022,1020.8204
sdguthrie,BINUANG (SOU 28),2023,1005.394
sdguthrie,BINUANG (SOU 28),2024,353.671
sdguthrie,BINUANG (SOU 28),2025,138.7752
sdguthrie,MEROTAI (SOU 30),2021,891.026
sdguthrie,MEROTAI (SOU 30),2022,967.1162
sdguthrie,MEROTAI (SOU 30),2023,1112.2492
sdguthrie,MEROTAI (SOU 30),2024,1343.036
sdguthrie,MEROTAI (SOU 30),2025,1029.5463
sdguthrie,SANDAKAN BAY (SOU 26),2021,1023.2455
sdguthrie,SANDAKAN BAY (SOU 26),2022,766.7359
sdguthrie,SANDAKAN BAY (SOU 26),2023,689.3756
sdguthrie,SANDAKAN BAY (SOU 26),2024,606.0203
sdguthrie,SANDAKAN BAY (SOU 26),2025,209.9368
sdguthrie,EAST (SOU 8),2021,582.4076
sdguthrie,EAST (SOU 8),2022,363.6957
sdguthrie,EAST (SOU 8),2023,437.3033
sdguthrie,EAST (SOU 8),2024,350.0067
sdguthrie,EAST (SOU 8),2025,287.9168
sdguthrie,TANAH MERAH (SOU 14),2021,460.0089
sdguthrie,TANAH MERAH (SOU 14),2022,458.7801
sdguthrie,TANAH MERAH (SOU 14),2023,455.939
sdguthrie,TANAH MERAH (SOU 14),2024,552.9104
sdguthrie,TANAH MERAH (SOU 14),2025,685.9319
sdguthrie,SEGALIUD (SOU 25),2021,1155.7806
sdguthrie,SEGALIUD (SOU 25),2022,288.2339
sdguthrie,SEGALIUD (SOU 25),2023,760.755
sdguthrie,SEGALIUD (SOU 25),2024,1092.7392
sdguthrie,SEGALIUD (SOU 25),2025,623.55
sdguthrie,WEST (SOU 9),2021,475.4223
sdguthrie,WEST (SOU 9),2022,331.4918
sdguthrie,WEST (SOU 9),2023,448.9961
sdguthrie,WEST (SOU 9),2024,293.097
sdguthrie,WEST (SOU 9),2025,220.3079
sdguthrie,SUNGAI DINGIN (SOU 1),2021,578.8749
sdguthrie,SUNGAI DINGIN (SOU 1),2022,524.7028
sdguthrie,SUNGAI DINGIN (SOU 1),2023,634.1776
sdguthrie,SUNGAI DINGIN (SOU 1),2024,520.1232
sdguthrie,SUNGAI DINGIN (SOU 1),2025,703.2343
sdguthrie,YONG PENG (SOU 19A),2021,664.6817
sdguthrie,YONG PENG (SOU 19A),2022,642.7926
sdguthrie,YONG PENG (SOU 19A),2023,1316.4468
sdguthrie,YONG PENG (SOU 19A),2024,829.3981
sdguthrie,YONG PENG (SOU 19A),2025,773.0523
sdguthrie,BUKIT KERAYONG (SOU 7),2021,454.0044
sdguthrie,BUKIT KERAYONG (SOU 7),2022,355.473
sdguthrie,BUKIT KERAYONG (SOU 7),2023,614.5734
sdguthrie,BUKIT KERAYONG (SOU 7),2024,343.3937
sdguthrie,BUKIT KERAYONG (SOU 7),2025,433.1753
sdguthrie,JABOR (SOU 12),2021,668.351
sdguthrie,JABOR (SOU 12),2022,1019.7107
sdguthrie,JABOR (SOU 12),2023,572.5751
sdguthrie,JABOR (SOU 12),2024,512.212
sdguthrie,JABOR (SOU 12),2025,254.1383
sdguthrie,TENNAMARAM (SOU 6),2021,381.0977
sdguthrie,TENNAMARAM (SOU 6),2022,245.7601
sdguthrie,TENNAMARAM (SOU 6),2023,285.7898
sdguthrie,TENNAMARAM (SOU 6),2024,431.2491
sdguthrie,TENNAMARAM (SOU 6),2025,470.5546
sdguthrie,GIRAM (SOU 29),2021,1549.0579
sdguthrie,GIRAM (SOU 29),2022,1002.7126
sdguthrie,GIRAM (SOU 29),2023,1648.5752
sdguthrie,GIRAM (SOU 29),2024,1476.3821
sdguthrie,GIRAM (SOU 29),2025,2097.9018
sdguthrie,GUNUNG MAS (SOU 21),2021,829.5966
sdguthrie,GUNUNG MAS (SOU 21),2022,1144.5814
sdguthrie,GUNUNG MAS (SOU 21),2023,1309.7146
sdguthrie,GUNUNG MAS (SOU 21),2024,1158.8735
sdguthrie,GUNUNG MAS (SOU 21),2025,1101.0144
sdguthrie,DIAMOND JUBILEE (SOU 18),2021,569.1609
sdguthrie,DIAMOND JUBILEE (SOU 18),2022,524.5373
sdguthrie,DIAMOND JUBILEE (SOU 18),2023,653.2406
sdguthrie,DIAMOND JUBILEE (SOU 18),2024,511.0399
sdguthrie,DIAMOND JUBILEE (SOU 18),2025,738.7975
sdguthrie,NORDANAL (SOU 19),2021,470.3774
sdguthrie,NORDANAL (SOU 19),2022,463.4961
sdguthrie,NORDANAL (SOU 19),2023,720.6905
sdguthrie,NORDANAL (SOU 19),2024,771.2652
sdguthrie,NORDANAL (SOU 19),2025,516.3458
sdguthrie,CHAAH (SOU 20),2021,438.1842
sdguthrie,CHAAH (SOU 20),2022,425.0676
sdguthrie,CHAAH (SOU 20),2023,662.7138
sdguthrie,CHAAH (SOU 20),2024,541.0925
sdguthrie,CHAAH (SOU 20),2025,410.4355
sdguthrie,ELPHIL (SOU 3),2021,660.0659
sdguthrie,ELPHIL (SOU 3),2022,690.4665
sdguthrie,ELPHIL (SOU 3),2023,1007.2184
sdguthrie,ELPHIL (SOU 3),2024,699.0159
sdguthrie,ELPHIL (SOU 3),2025,824.1506
sdguthrie,BUKIT PUTERI (SOU 10),2021,409.9707
sdguthrie,BUKIT PUTERI (SOU 10),2022,428.2691
sdguthrie,BUKIT PUTERI (SOU 10),2023,1055.9152
sdguthrie,BUKIT PUTERI (SOU 10),2024,620.2217
sdguthrie,BUKIT PUTERI (SOU 10),2025,1682.3499
sdguthrie,SERI INTAN (SOU 5),2021,541.4227
sdguthrie,SERI INTAN (SOU 5),2022,761.1735
sdguthrie,SERI INTAN (SOU 5),2023,952.8574
sdguthrie,SERI INTAN (SOU 5),2024,761.3528
sdguthrie,SERI INTAN (SOU 5),2025,510.0886
sdguthrie,BUKIT BENUT (SOU 22),2021,631.9512
sdguthrie,BUKIT BENUT (SOU 22),2022,651.3617
sdguthrie,BUKIT BENUT (SOU 22),2023,945.0698
sdguthrie,BUKIT BENUT (SOU 22),2024,739.1526
sdguthrie,BUKIT BENUT (SOU 22),2025,395.0721
sdguthrie,SELABA (SOU 5),2021,1240.1652
sdguthrie,SELABA (SOU 5),2022,423.5277
sdguthrie,SELABA (SOU 5),2023,464.6929
sdguthrie,SELABA (SOU 5),2024,292.0306
sdguthrie,SELABA (SOU 5),2025,164.0458
sdguthrie,FLEMINGTON (SOU 4),2021,562.6722
sdguthrie,FLEMINGTON (SOU 4),2022,424.3206
sdguthrie,FLEMINGTON (SOU 4),2023,732.3802
sdguthrie,FLEMINGTON (SOU 4),2024,796.4054
sdguthrie,FLEMINGTON (SOU 4),2025,888.6352
sdguthrie,KERDAU (SOU 11),2021,459.6905
sdguthrie,KERDAU (SOU 11),2022,188.676
sdguthrie,KERDAU (SOU 11),2023,386.6362
sdguthrie,KERDAU (SOU 11),2024,277.7844
sdguthrie,KERDAU (SOU 11),2025,335.1574
sdguthrie,KOK FOH (SOU 16),2021,358.3748
sdguthrie,KOK FOH (SOU 16),2022,478.0721
sdguthrie,KOK FOH (SOU 16),2023,621.9793
sdguthrie,KOK FOH (SOU 16),2024,1089.4662
sdguthrie,KOK FOH (SOU 16),2025,1164.6332
sdguthrie,LABU (SOU 13),2021,457.0438
sdguthrie,LABU (SOU 13),2022,412.8629
sdguthrie,LABU (SOU 13),2023,471.8664
sdguthrie,LABU (SOU 13),2024,552.736
sdguthrie,LABU (SOU 13),2025,285.9326
sdguthrie,SUA BETONG (SOU 15),2021,821.2539
sdguthrie,SUA BETONG (SOU 15),2022,357.6616
sdguthrie,SUA BETONG (SOU 15),2023,468.6369
sdguthrie,SUA BETONG (SOU 15),2024,413.8168
sdguthrie,SUA BETONG (SOU 15),2025,413.557
sdguthrie,MELALAP (SOU 27),2021,233.6588
sdguthrie,MELALAP (SOU 27),2022,138.039
sdguthrie,MELALAP (SOU 27),2023,332.7818
sdguthrie,MELALAP (SOU 27),2024,261.8301
sdguthrie,MELALAP (SOU 27),2025,456.3564
sdguthrie,HADAPAN (SOU 24),2021,483.2215
sdguthrie,HADAPAN (SOU 24),2022,352.6674
sdguthrie,HADAPAN (SOU 24),2023,689.2992
sdguthrie,HADAPAN (SOU 24),2024,664.5205
sdguthrie,HADAPAN (SOU 24),2025,893.1326
sdguthrie,CHERSONESE (SOU 2),2021,334.1016
sdguthrie,CHERSONESE (SOU 2),2022,146.2101
sdguthrie,CHERSONESE (SOU 2),2023,305.2251
sdguthrie,CHERSONESE (SOU 2),2024,119.6743
sdguthrie,CHERSONESE (SOU 2),2025,165.2666
sdguthrie,PEKAKA (SOU 34),2021,1234.7623
sdguthrie,PEKAKA (SOU 34),2022,2225.8052
sdguthrie,PEKAKA (SOU 34),2023,1409.8106
sdguthrie,PEKAKA (SOU 34),2024,351.8978
sdguthrie,PEKAKA (SOU 34),2025,612.4584
sdguthrie,LAVANG (SOU 31),2021,1067.7161
sdguthrie,LAVANG (SOU 31),2022,1512.9366
sdguthrie,LAVANG (SOU 31),2023,1009.4399
sdguthrie,LAVANG (SOU 31),2024,310.3643
sdguthrie,LAVANG (SOU 31),2025,476.6971
sdguthrie,RAJAWALI (SOU 32),2021,837.3859
sdguthrie,RAJAWALI (SOU 32),2022,1593.6883
sdguthrie,RAJAWALI (SOU 32),2023,1703.8293
sdguthrie,RAJAWALI (SOU 32),2024,1383.9387
sdguthrie,RAJAWALI (SOU 32),2025,753.8479
sdguthrie,DERAWAN (SOU 33),2021,594.0097
sdguthrie,DERAWAN (SOU 33),2022,1119.8129
sdguthrie,DERAWAN (SOU 33),2023,1376.8166
sdguthrie,DERAWAN (SOU 33),2024,1587.3577
sdguthrie,DERAWAN (SOU 33),2025,1818.4373
sdguthrie,ULU REMIS (SOU 23),2021,469.027
sdguthrie,ULU REMIS (SOU 23),2022,356.2754
sdguthrie,ULU REMIS (SOU 23),2023,622.5675
sdguthrie,ULU REMIS (SOU 23),2024,361.2575
sdguthrie,ULU REMIS (SOU 23),2025,635.8677
sdguthrie,"RANTAU PANJANG POM, PT GPI",2021,415.2705
sdguthrie,"RANTAU PANJANG POM, PT GPI",2022,483.8326
sdguthrie,"RANTAU PANJANG POM, PT GPI",2023,905.8228
sdguthrie,"RANTAU PANJANG POM, PT GPI",2024,1317.9547
sdguthrie,"RANTAU PANJANG POM, PT GPI",2025,1079.7905
sdguthrie,KEMPAS (SOU 17),2021,847.799
sdguthrie,KEMPAS (SOU 17),2022,433.7076
sdguthrie,KEMPAS (SOU 17),2023,746.1845
sdguthrie,KEMPAS (SOU 17),2024,500.9116
sdguthrie,KEMPAS (SOU 17),2025,831.4597
sdguthrie,PAGOH (SOU 19),2021,304.226
sdguthrie,PAGOH (SOU 19),2022,351.2768
sdguthrie,PAGOH (SOU 19),2023,600.2825
sdguthrie,PAGOH (SOU 19),2024,801.6207
sdguthrie,PAGOH (SOU 19),2025,495.9929
sdguthrie,SEPANG (SOU 09A),2021,631.309
sdguthrie,SEPANG (SOU 09A),2022,363.1656
sdguthrie,SEPANG (SOU 09A),2023,370.8074
sdguthrie,SEPANG (SOU 09A),2024,454.0412
sdguthrie,SEPANG (SOU 09A),2025,479.1041
sdguthrie,MOSTYN (SOU 30B),2021,1095.5957
sdguthrie,MOSTYN (SOU 30B),2022,1093.0393
sdguthrie,MOSTYN (SOU 30B),2023,1007.7669
sdguthrie,MOSTYN (SOU 30B),2024,890.9651
sdguthrie,MOSTYN (SOU 30B),2025,1061.208
sdguthrie,ERAP / MARKHAM FAMRING ,2021,137.0941
sdguthrie,ERAP / MARKHAM FAMRING ,2022,1041.7589
sdguthrie,ERAP / MARKHAM FAMRING ,2023,111.4414
sdguthrie,ERAP / MARKHAM FAMRING ,2024,31.4958
sdguthrie,ERAP / MARKHAM FAMRING ,2025,78.0973
sdguthrie,TAMIANG POM,2021,383.1762
sdguthrie,TAMIANG POM,2022,290.2314
sdguthrie,TAMIANG POM,2023,1114.987
sdguthrie,TAMIANG POM,2024,937.4295
sdguthrie,TAMIANG POM,2025,412.4725
wilmar,SABAHMAS,2021,2025.1315
wilmar,SABAHMAS,2022,589.1931
wilmar,SABAHMAS,2023,1438.0563
wilmar,SABAHMAS,2024,1372.1483
wilmar,SABAHMAS,2025,1250.5122
wilmar,SAREMAS 1,2021,842.2343
wilmar,SAREMAS 1,2022,876.6504
wilmar,SAREMAS 1,2023,588.1264
wilmar,SAREMAS 1,2024,453.2228
wilmar,SAREMAS 1,2025,458.6831
wilmar,SAREMAS 2,2021,1880.6885
wilmar,SAREMAS 2,2022,1051.8347
wilmar,SAREMAS 2,2023,1651.4728
wilmar,SAREMAS 2,2024,201.689
wilmar,SAREMAS 2,2025,63.7974
wilmar,TERUSAN,2021,183.3422
wilmar,TERUSAN,2022,94.9003
wilmar,TERUSAN,2023,281.3189
wilmar,TERUSAN,2024,473.9115
wilmar,TERUSAN,2025,318.7599
wilmar,SAPI,2021,493.022
wilmar,SAPI,2022,271.1248
wilmar,SAPI,2023,374.0208
wilmar,SAPI,2024,384.5979
wilmar,SAPI,2025,526.7306
wilmar,REKA HALUS,2021,293.6203
wilmar,REKA HALUS,2022,375.5841
wilmar,REKA HALUS,2023,506.8396
wilmar,REKA HALUS,2024,673.2961
wilmar,REKA HALUS,2025,544.839
wilmar,MUSTIKA SEMBULUH 1,2021,84.873
wilmar,MUSTIKA SEMBULUH 1,2022,114.2553
wilmar,MUSTIKA SEMBULUH 1,2023,657.5386
wilmar,MUSTIKA SEMBULUH 1,2024,560.9305
wilmar,MUSTIKA SEMBULUH 1,2025,818.9337
wilmar,KERRY SAWIT INDONESIA 1,2021,22.2346
wilmar,KERRY SAWIT INDONESIA 1,2022,71.792
wilmar,KERRY SAWIT INDONESIA 1,2023,124.0915
wilmar,KERRY SAWIT INDONESIA 1,2024,102.2541
wilmar,KERRY SAWIT INDONESIA 1,2025,190.4381
wilmar,RIBUBONUS,2021,194.7532
wilmar,RIBUBONUS,2022,142.6816
wilmar,RIBUBONUS,2023,280.5856
wilmar,RIBUBONUS,2024,304.4859
wilmar,RIBUBONUS,2025,386.3774
wilmar,SRI KAMUSAN,2021,59.3166
wilmar,SRI KAMUSAN,2022,260.278
wilmar,SRI KAMUSAN,2023,709.2485
wilmar,SRI KAMUSAN,2024,1292.8066
wilmar,SRI KAMUSAN,2025,697.7563
wilmar,PINANG AWAM,2021,1053.8928
wilmar,PINANG AWAM,2022,748.642
wilmar,PINANG AWAM,2023,735.5734
wilmar,PINANG AWAM,2024,1013.9773
wilmar,PINANG AWAM,2025,425.4751
wilmar,KENCANA SAWIT INDONESIA,2021,2278.8811
wilmar,KENCANA SAWIT INDONESIA,2022,1956.5379
wilmar,KENCANA SAWIT INDONESIA,2023,2137.0346
wilmar,KENCANA SAWIT INDONESIA,2024,2244.8543
wilmar,KENCANA SAWIT INDONESIA,2025,479.429
wilmar,BURNAI TIMUR,2021,708.0271
wilmar,BURNAI TIMUR,2022,581.3515
wilmar,BURNAI TIMUR,2023,687.617
wilmar,BURNAI TIMUR,2024,469.5051
wilmar,BURNAI TIMUR,2025,382.5101
wilmar,SARANA TITIAN PERMATA PKS 1,2021,16.2338
wilmar,SARANA TITIAN PERMATA PKS 1,2022,22.8745
wilmar,SARANA TITIAN PERMATA PKS 1,2023,184.4628
wilmar,SARANA TITIAN PERMATA PKS 1,2024,161.1038
wilmar,SARANA TITIAN PERMATA PKS 1,2025,111.8416
wilmar,AMP PLANTATION,2021,405.4253
wilmar,AMP PLANTATION,2022,389.8651
wilmar,AMP PLANTATION,2023,251.1647
wilmar,AMP PLANTATION,2024,264.448
wilmar,AMP PLANTATION,2025,409.3533
wilmar,DABUK REJO,2021,118.5293
wilmar,DABUK REJO,2022,187.4171
wilmar,DABUK REJO,2023,376.8523
wilmar,DABUK REJO,2024,1700.1315
wilmar,DABUK REJO,2025,1473.1446
wilmar,BUMI SAWIT KENCANA,2021,65.4603
wilmar,BUMI SAWIT KENCANA,2022,154.274
wilmar,BUMI SAWIT KENCANA,2023,287.2617
wilmar,BUMI SAWIT KENCANA,2024,323.6213
wilmar,BUMI SAWIT KENCANA,2025,192.3873
wilmar,BENSO OIL PALM PLANTATION OIL MILL,2021,338.5376
wilmar,BENSO OIL PALM PLANTATION OIL MILL,2022,713.7745
wilmar,BENSO OIL PALM PLANTATION OIL MILL,2023,1165.9201
wilmar,BENSO OIL PALM PLANTATION OIL MILL,2024,883.8545
wilmar,BENSO OIL PALM PLANTATION OIL MILL,2025,954.9964
wilmar,DAYA LABUHAN INDAH 2,2021,586.2523
wilmar,DAYA LABUHAN INDAH 2,2022,694.2303
wilmar,DAYA LABUHAN INDAH 2,2023,421.2114
wilmar,DAYA LABUHAN INDAH 2,2024,1362.1052
wilmar,DAYA LABUHAN INDAH 2,2025,202.9202
wilmar,GERSINDO MINANG PLANTATION,2021,1405.6305
wilmar,GERSINDO MINANG PLANTATION,2022,423.5387
wilmar,GERSINDO MINANG PLANTATION,2023,261.556
wilmar,GERSINDO MINANG PLANTATION,2024,399.0637
wilmar,GERSINDO MINANG PLANTATION,2025,504.4674
wilmar,MENTAYA SAWIT MAS,2021,91.6591
wilmar,MENTAYA SAWIT MAS,2022,218.5727
wilmar,MENTAYA SAWIT MAS,2023,339.5572
wilmar,MENTAYA SAWIT MAS,2024,333.4765
wilmar,MENTAYA SAWIT MAS,2025,253.636
wilmar,RIMBA HARAPAN SAKTI,2021,23.8996
wilmar,RIMBA HARAPAN SAKTI,2022,20.7489
wilmar,RIMBA HARAPAN SAKTI,2023,284.5455
wilmar,RIMBA HARAPAN SAKTI,2024,90.3185
wilmar,RIMBA HARAPAN SAKTI,2025,75.1506
wilmar,SUBURMAS,2021,461.1461
wilmar,SUBURMAS,2022,1097.6099
wilmar,SUBURMAS,2023,927.1075
wilmar,SUBURMAS,2024,2103.4196
wilmar,SUBURMAS,2025,1213.7602
wilmar,KARUNIA KENCANA PERMAI SEJATI,2021,98.2524
wilmar,KARUNIA KENCANA PERMAI SEJATI,2022,209.5849
wilmar,KARUNIA KENCANA PERMAI SEJATI,2023,371.7788
wilmar,KARUNIA KENCANA PERMAI SEJATI,2024,201.5154
wilmar,KARUNIA KENCANA PERMAI SEJATI,2025,241.4214
wilmar,SELABU,2021,614.6596
wilmar,SELABU,2022,702.1797
wilmar,SELABU,2023,972.0823
wilmar,SELABU,2024,905.7028
wilmar,SELABU,2025,882.7251
wilmar,AGROINDO INDAH PERSADA 1,2021,670.9274
wilmar,AGROINDO INDAH PERSADA 1,2022,200.4555
wilmar,AGROINDO INDAH PERSADA 1,2023,254.9832
wilmar,AGROINDO INDAH PERSADA 1,2024,535.4272
wilmar,AGROINDO INDAH PERSADA 1,2025,330.7732
wilmar,BUMI PRATAMA KHATULISTIWA,2021,262.5022
wilmar,BUMI PRATAMA KHATULISTIWA,2022,371.1107
wilmar,BUMI PRATAMA KHATULISTIWA,2023,506.1685
wilmar,BUMI PRATAMA KHATULISTIWA,2024,567.8363
wilmar,BUMI PRATAMA KHATULISTIWA,2025,411.9274
wilmar,SINAR SIAK DIAN PERMAI,2021,1535.6799
wilmar,SINAR SIAK DIAN PERMAI,2022,1160.2714
wilmar,SINAR SIAK DIAN PERMAI,2023,993.7893
wilmar,SINAR SIAK DIAN PERMAI,2024,2152.4369
wilmar,SINAR SIAK DIAN PERMAI,2025,1035.6081
wilmar,SIAK PRIMA SAKTI,2021,142.3101
wilmar,SIAK PRIMA SAKTI,2022,661.3646
wilmar,SIAK PRIMA SAKTI,2023,803.8945
wilmar,SIAK PRIMA SAKTI,2024,391.5628
wilmar,SIAK PRIMA SAKTI,2025,799.1953
wilmar,MURINI SAM-SAM PELINTUNG,2021,168.7049
wilmar,MURINI SAM-SAM PELINTUNG,2022,112.2179
wilmar,MURINI SAM-SAM PELINTUNG,2023,214.0676
wilmar,MURINI SAM-SAM PELINTUNG,2024,147.1659
wilmar,MURINI SAM-SAM PELINTUNG,2025,124.9318
wilmar,AGRONUSA INVESTAMA 2 - PAHAUMAN,2021,300.3257
wilmar,AGRONUSA INVESTAMA 2 - PAHAUMAN,2022,700.2771
wilmar,AGRONUSA INVESTAMA 2 - PAHAUMAN,2023,636.6982
wilmar,AGRONUSA INVESTAMA 2 - PAHAUMAN,2024,815.0217
wilmar,AGRONUSA INVESTAMA 2 - PAHAUMAN,2025,503.9121
wilmar,SINAR PERDANA CARAKA,2021,367.0402
wilmar,SINAR PERDANA CARAKA,2022,275.6586
wilmar,SINAR PERDANA CARAKA,2023,850.5184
wilmar,SINAR PERDANA CARAKA,2024,395.5205
wilmar,SINAR PERDANA CARAKA,2025,151.9031
wilmar,BULUH CINA,2021,517.1146
wilmar,BULUH CINA,2022,337.8795
wilmar,BULUH CINA,2023,737.9555
wilmar,BULUH CINA,2024,677.1828
wilmar,BULUH CINA,2025,228.7262
wilmar,AEK BATU,2021,592.9549
wilmar,AEK BATU,2022,502.4214
wilmar,AEK BATU,2023,341.3761
wilmar,AEK BATU,2024,703.4598
wilmar,AEK BATU,2025,424.2294
wilmar,AGROINDO INDAH PERSADA 2,2021,1095.2509
wilmar,AGROINDO INDAH PERSADA 2,2022,1532.9989
wilmar,AGROINDO INDAH PERSADA 2,2023,1784.4793
wilmar,AGROINDO INDAH PERSADA 2,2024,1343.8772
wilmar,AGROINDO INDAH PERSADA 2,2025,786.623
wilmar,AGROINDO INDAH PERSADA 3,2021,359.6974
wilmar,AGROINDO INDAH PERSADA 3,2022,501.3293
wilmar,AGROINDO INDAH PERSADA 3,2023,779.2467
wilmar,AGROINDO INDAH PERSADA 3,2024,1015.7982
wilmar,AGROINDO INDAH PERSADA 3,2025,1073.3941
wilmar,MURINI SAM-SAM KANDIS,2021,726.4924
wilmar,MURINI SAM-SAM KANDIS,2022,107.9882
wilmar,MURINI SAM-SAM KANDIS,2023,160.4643
wilmar,MURINI SAM-SAM KANDIS,2024,235.3732
wilmar,MURINI SAM-SAM KANDIS,2025,234.5114
wilmar,KERRY SAWIT INDONESIA 2,2021,70.2092
wilmar,KERRY SAWIT INDONESIA 2,2022,39.0509
wilmar,KERRY SAWIT INDONESIA 2,2023,172.8296
wilmar,KERRY SAWIT INDONESIA 2,2024,145.4724
wilmar,KERRY SAWIT INDONESIA 2,2025,291.0465
wilmar,AGRO PALINDO SAKTI 2,2021,472.5024
wilmar,AGRO PALINDO SAKTI 2,2022,1007.4755
wilmar,AGRO PALINDO SAKTI 2,2023,903.8537
wilmar,AGRO PALINDO SAKTI 2,2024,864.9566
wilmar,AGRO PALINDO SAKTI 2,2025,761.5719
wilmar,MUSTIKA SEMBULUH 2,2021,166.0448
wilmar,MUSTIKA SEMBULUH 2,2022,144.3713
wilmar,MUSTIKA SEMBULUH 2,2023,363.6862
wilmar,MUSTIKA SEMBULUH 2,2024,233.4565
wilmar,MUSTIKA SEMBULUH 2,2025,532.8381
wilmar,DAYA LABUHAN INDAH I,2021,390.7174
wilmar,DAYA LABUHAN INDAH I,2022,284.5285
wilmar,DAYA LABUHAN INDAH I,2023,581.6237
wilmar,DAYA LABUHAN INDAH I,2024,680.7465
wilmar,DAYA LABUHAN INDAH I,2025,349.1545
wilmar,SARANA TITIAN PERMATA PKS 2,2021,19.8214
wilmar,SARANA TITIAN PERMATA PKS 2,2022,16.875
wilmar,SARANA TITIAN PERMATA PKS 2,2023,285.803
wilmar,SARANA TITIAN PERMATA PKS 2,2024,451.4135
wilmar,SARANA TITIAN PERMATA PKS 2,2025,160.2793
wilmar,AGRONUSA INVESTAMA 3 - SAMBAS,2021,413.0254
wilmar,AGRONUSA INVESTAMA 3 - SAMBAS,2022,927.4679
wilmar,AGRONUSA INVESTAMA 3 - SAMBAS,2023,460.1405
wilmar,AGRONUSA INVESTAMA 3 - SAMBAS,2024,416.5751
wilmar,AGRONUSA INVESTAMA 3 - SAMBAS,2025,506.372
wilmar,CALARO,2021,613.8215
wilmar,CALARO,2022,351.3747
wilmar,CALARO,2023,188.5679
wilmar,CALARO,2024,265.4838
wilmar,CALARO,2025,198.1817
wilmar,EYOP INDUSTRIES LTD,2021,302.5202
wilmar,EYOP INDUSTRIES LTD,2022,731.8767
wilmar,EYOP INDUSTRIES LTD,2023,983.3905
wilmar,EYOP INDUSTRIES LTD,2024,596.7758
wilmar,EYOP INDUSTRIES LTD,2025,1240.026
klk,KEKAYAAN PALM OIL MILL,2021,538.1882
klk,KEKAYAAN PALM OIL MILL,2022,825.0631
klk,KEKAYAAN PALM OIL MILL,2023,1419.3418
klk,KEKAYAAN PALM OIL MILL,2024,1162.9864
klk,KEKAYAAN PALM OIL MILL,2025,1290.7744
klk,BORNION,2021,1824.8936
klk,BORNION,2022,1234.4403
klk,BORNION,2023,1614.5686
klk,BORNION,2024,1018.41
klk,BORNION,2025,1075.6075
klk,RIMMER,2021,942.0229
klk,RIMMER,2022,1354.7192
klk,RIMMER,2023,1639.535
klk,RIMMER,2024,686.3241
klk,RIMMER,2025,422.4933
klk,LUNGMANIS,2021,1238.2187
klk,LUNGMANIS,2022,1490.7678
klk,LUNGMANIS,2023,1742.2833
klk,LUNGMANIS,2024,777.3721
klk,LUNGMANIS,2025,398.1248
klk,JERAM PADANG,2021,450.0425
klk,JERAM PADANG,2022,271.649
klk,JERAM PADANG,2023,599.3915
klk,JERAM PADANG,2024,660.9313
klk,JERAM PADANG,2025,719.0152
klk,MANDAU,2021,365.3065
klk,MANDAU,2022,68.3462
klk,MANDAU,2023,139.3395
klk,MANDAU,2024,311.5457
klk,MANDAU,2025,202.6174
klk,PINANG,2021,679.7778
klk,PINANG,2022,669.8473
klk,PINANG,2023,778.9487
klk,PINANG,2024,611.8773
klk,PINANG,2025,578.6229
klk,MILL 2,2021,750.7089
klk,MILL 2,2022,780.7391
klk,MILL 2,2023,983.805
klk,MILL 2,2024,915.0626
klk,MILL 2,2025,534.3343
klk,TAPUNG KANAN,2021,72.5343
klk,TAPUNG KANAN,2022,19.0922
klk,TAPUNG KANAN,2023,620.5028
klk,TAPUNG KANAN,2024,391.5203
klk,TAPUNG KANAN,2025,564.5821
klk,TANJONG MALIM,2021,335.9831
klk,TANJONG MALIM,2022,294.9062
klk,TANJONG MALIM,2023,494.0983
klk,TANJONG MALIM,2024,427.8841
klk,TANJONG MALIM,2025,762.7382
klk,BATU LINTANG,2021,702.3018
klk,BATU LINTANG,2022,608.3181
klk,BATU LINTANG,2023,643.7707
klk,BATU LINTANG,2024,579.2827
klk,BATU LINTANG,2025,534.3933
klk,TUAN MEE,2021,575.4915
klk,TUAN MEE,2022,293.7237
klk,TUAN MEE,2023,509.1594
klk,TUAN MEE,2024,639.8818
klk,TUAN MEE,2025,435.9788
klk,CHANGKAT CHERMIN,2021,614.2344
klk,CHANGKAT CHERMIN,2022,542.4031
klk,CHANGKAT CHERMIN,2023,956.0868
klk,CHANGKAT CHERMIN,2024,755.6414
klk,CHANGKAT CHERMIN,2025,1252.0144
klk,NILO 1,2021,843.5265
klk,NILO 1,2022,320.0934
klk,NILO 1,2023,474.5065
klk,NILO 1,2024,1031.7096
klk,NILO 1,2025,454.0276
klk,NILO 2,2021,348.1819
klk,NILO 2,2022,586.4699
klk,NILO 2,2023,371.0593
klk,NILO 2,2024,375.746
klk,NILO 2,2025,216.7378
klk,KUALA PERTANG,2021,386.8658
klk,KUALA PERTANG,2022,456.3814
klk,KUALA PERTANG,2023,524.1523
klk,KUALA PERTANG,2024,634.6406
klk,KUALA PERTANG,2025,582.2888
klk,STEELINDO WAHANA PERKASA,2021,980.9394
klk,STEELINDO WAHANA PERKASA,2022,573.6099
klk,STEELINDO WAHANA PERKASA,2023,1071.6474
klk,STEELINDO WAHANA PERKASA,2024,1265.3323
klk,STEELINDO WAHANA PERKASA,2025,961.0891
klk,PALOH KKS,2021,516.5093
klk,PALOH KKS,2022,969.7605
klk,PALOH KKS,2023,1364.8183
klk,PALOH KKS,2024,1248.1001
klk,PALOH KKS,2025,1155.9978
klk,PADANG BRAHRANG,2021,166.7236
klk,PADANG BRAHRANG,2022,75.9367
klk,PADANG BRAHRANG,2023,75.4388
klk,PADANG BRAHRANG,2024,145.1573
klk,PADANG BRAHRANG,2025,331.4785
klk,BERAU,2021,544.2144
klk,BERAU,2022,368.9268
klk,BERAU,2023,1045.6627
klk,BERAU,2024,646.4876
klk,BERAU,2025,844.5734
klk,PARIT SEMBADA,2021,879.3535
klk,PARIT SEMBADA,2022,495.6041
klk,PARIT SEMBADA,2023,821.1883
klk,PARIT SEMBADA,2024,749.0119
klk,PARIT SEMBADA,2025,652.3708
klk,JABON,2021,13.7641
klk,JABON,2022,360.3701
klk,JABON,2023,479.5523
klk,JABON,2024,1028.1962
klk,JABON,2025,771.5789
klk,STABAT,2021,521.6767
klk,STABAT,2022,208.8813
klk,STABAT,2023,247.6465
klk,STABAT,2024,726.2034
klk,STABAT,2025,449.2079
klk,KARYA MAKMUR ABADI,2021,425.4044
klk,KARYA MAKMUR ABADI,2022,155.0555
klk,KARYA MAKMUR ABADI,2023,293.4578
klk,KARYA MAKMUR ABADI,2024,202.7631
klk,KARYA MAKMUR ABADI,2025,189.6754
klk,SATU SEMBILAN DELAPAN,2021,231.9805
klk,SATU SEMBILAN DELAPAN,2022,422.6108
klk,SATU SEMBILAN DELAPAN,2023,1085.7962
klk,SATU SEMBILAN DELAPAN,2024,346.921
klk,SATU SEMBILAN DELAPAN,2025,442.3164
klk,MULIA AGRO PERMAI,2021,91.3735
klk,MULIA AGRO PERMAI,2022,117.3431
klk,MULIA AGRO PERMAI,2023,322.7405
klk,MULIA AGRO PERMAI,2024,212.8477
klk,MULIA AGRO PERMAI,2025,183.0284
klk,TANJUNG KELILING PALM OIL MILL,2021,277.7776
klk,TANJUNG KELILING PALM OIL MILL,2022,162.0817
klk,TANJUNG KELILING PALM OIL MILL,2023,238.6697
klk,TANJUNG KELILING PALM OIL MILL,2024,271.0943
klk,TANJUNG KELILING PALM OIL MILL,2025,133.1541
klk,MILL 1,2021,732.0951
klk,MILL 1,2022,775.3314
klk,MILL 1,2023,962.654
klk,MILL 1,2024,918.9544
klk,MILL 1,2025,523.3985
klk,PT KARYA MAKMUR ABADI,2021,242.8435
klk,PT KARYA MAKMUR ABADI,2022,805.0705
klk,PT KARYA MAKMUR ABADI,2023,746.1903
klk,PT KARYA MAKMUR ABADI,2024,720.0014
klk,PT KARYA MAKMUR ABADI,2025,679.4026
klk,PUTRA BONGAN JAYA,2021,102.4033
klk,PUTRA BONGAN JAYA,2022,126.5183
klk,PUTRA BONGAN JAYA,2023,367.5814
klk,PUTRA BONGAN JAYA,2024,270.4335
klk,PUTRA BONGAN JAYA,2025,671.9837
astraagro,AGRO NUSA ABADI,2021,200.0102
astraagro,AGRO NUSA ABADI,2022,475.0307
astraagro,AGRO NUSA ABADI,2023,1049.7102
astraagro,AGRO NUSA ABADI,2024,475.3042
astraagro,AGRO NUSA ABADI,2025,237.0881
astraagro,BORNEO INDAH MARJAYA,2021,113.397
astraagro,BORNEO INDAH MARJAYA,2022,127.176
astraagro,BORNEO INDAH MARJAYA,2023,342.873
astraagro,BORNEO INDAH MARJAYA,2024,186.5443
astraagro,BORNEO INDAH MARJAYA,2025,272.6334
astraagro,LETAWA,2021,1210.3149
astraagro,LETAWA,2022,492.4183
astraagro,LETAWA,2023,1304.4651
astraagro,LETAWA,2024,616.7541
astraagro,LETAWA,2025,781.806
astraagro,PASANGKAYU,2021,681.3517
astraagro,PASANGKAYU,2022,383.9302
astraagro,PASANGKAYU,2023,964.5001
astraagro,PASANGKAYU,2024,623.2506
astraagro,PASANGKAYU,2025,732.1009
astraagro,SURYARAYA LESTARI 2,2021,258.2516
astraagro,SURYARAYA LESTARI 2,2022,347.5301
astraagro,SURYARAYA LESTARI 2,2023,353.3514
astraagro,SURYARAYA LESTARI 2,2024,119.4447
astraagro,SURYARAYA LESTARI 2,2025,130.8758
astraagro,GUNUNG SEJAHTERA DUA INDAH,2021,661.5373
astraagro,GUNUNG SEJAHTERA DUA INDAH,2022,526.2208
astraagro,GUNUNG SEJAHTERA DUA INDAH,2023,1513.0541
astraagro,GUNUNG SEJAHTERA DUA INDAH,2024,1740.5251
astraagro,GUNUNG SEJAHTERA DUA INDAH,2025,639.3261
astraagro,PERKEBUNAN LEMBAH BHAKTI 1,2021,634.7392
astraagro,PERKEBUNAN LEMBAH BHAKTI 1,2022,441.6261
astraagro,PERKEBUNAN LEMBAH BHAKTI 1,2023,330.8398
astraagro,PERKEBUNAN LEMBAH BHAKTI 1,2024,668.8351
astraagro,PERKEBUNAN LEMBAH BHAKTI 1,2025,805.7712
astraagro,GUNUNG SEJAHTERA PUTI PESONA,2021,695.1957
astraagro,GUNUNG SEJAHTERA PUTI PESONA,2022,358.1785
astraagro,GUNUNG SEJAHTERA PUTI PESONA,2023,1195.4844
astraagro,GUNUNG SEJAHTERA PUTI PESONA,2024,902.1641
astraagro,GUNUNG SEJAHTERA PUTI PESONA,2025,1027.3504
astraagro,GUNUNG SEJAHTERA IBU PERTIWI,2021,1226.7522
astraagro,GUNUNG SEJAHTERA IBU PERTIWI,2022,751.4121
astraagro,GUNUNG SEJAHTERA IBU PERTIWI,2023,1852.4564
astraagro,GUNUNG SEJAHTERA IBU PERTIWI,2024,1980.2118
astraagro,GUNUNG SEJAHTERA IBU PERTIWI,2025,995.1713
astraagro,SUBUR AGRO MAKMUR,2021,26.7002
astraagro,SUBUR AGRO MAKMUR,2022,4.733
astraagro,SUBUR AGRO MAKMUR,2023,79.415
astraagro,SUBUR AGRO MAKMUR,2024,66.7982
astraagro,SUBUR AGRO MAKMUR,2025,92.3728
astraagro,TUNGGAL PERKASA PLANTATIONS,2021,1125.1694
astraagro,TUNGGAL PERKASA PLANTATIONS,2022,867.9477
astraagro,TUNGGAL PERKASA PLANTATIONS,2023,724.4573
astraagro,TUNGGAL PERKASA PLANTATIONS,2024,696.8761
astraagro,TUNGGAL PERKASA PLANTATIONS,2025,391.5142
astraagro,KIMIA TIRTA UTAMA,2021,115.1822
astraagro,KIMIA TIRTA UTAMA,2022,653.4418
astraagro,KIMIA TIRTA UTAMA,2023,265.555
astraagro,KIMIA TIRTA UTAMA,2024,316.4891
astraagro,KIMIA TIRTA UTAMA,2025,562.174
astraagro,SAWIT ASAHAN INDAH,2021,362.7902
astraagro,SAWIT ASAHAN INDAH,2022,291.0146
astraagro,SAWIT ASAHAN INDAH,2023,769.1798
astraagro,SAWIT ASAHAN INDAH,2024,605.7328
astraagro,SAWIT ASAHAN INDAH,2025,621.6589
astraagro,EKA DURA INDONESIA,2021,456.5347
astraagro,EKA DURA INDONESIA,2022,96.6526
astraagro,EKA DURA INDONESIA,2023,731.6405
astraagro,EKA DURA INDONESIA,2024,624.2337
astraagro,EKA DURA INDONESIA,2025,615.1293
astraagro,WARU KALTIM PLANTATION,2021,407.1448
astraagro,WARU KALTIM PLANTATION,2022,407.5889
astraagro,WARU KALTIM PLANTATION,2023,410.8224
astraagro,WARU KALTIM PLANTATION,2024,322.3684
astraagro,WARU KALTIM PLANTATION,2025,265.9129
astraagro,SURYARAYA LESTARI 1,2021,701.2399
astraagro,SURYARAYA LESTARI 1,2022,387.3954
astraagro,SURYARAYA LESTARI 1,2023,321.8952
astraagro,SURYARAYA LESTARI 1,2024,98.4092
astraagro,SURYARAYA LESTARI 1,2025,132.0878
astraagro,SARI ADITYA LOKA 1,2021,950.8288
astraagro,SARI ADITYA LOKA 1,2022,1425.4558
astraagro,SARI ADITYA LOKA 1,2023,1436.1899
astraagro,SARI ADITYA LOKA 1,2024,1159.3848
astraagro,SARI ADITYA LOKA 1,2025,650.8217
astraagro,ASTRA AGRO LESTARI 1,2021,591.1526
astraagro,ASTRA AGRO LESTARI 1,2022,609.7425
astraagro,ASTRA AGRO LESTARI 1,2023,704.5567
astraagro,ASTRA AGRO LESTARI 1,2024,268.8842
astraagro,ASTRA AGRO LESTARI 1,2025,417.3741
astraagro,KARYA TANAH SUBUR,2021,348.8841
astraagro,KARYA TANAH SUBUR,2022,316.0819
astraagro,KARYA TANAH SUBUR,2023,282.9881
astraagro,KARYA TANAH SUBUR,2024,411.5536
astraagro,KARYA TANAH SUBUR,2025,707.7576
astraagro,SUMBER KHARISMA PERSADA,2021,67.0489
astraagro,SUMBER KHARISMA PERSADA,2022,79.0683
astraagro,SUMBER KHARISMA PERSADA,2023,91.5725
astraagro,SUMBER KHARISMA PERSADA,2024,129.2769
astraagro,SUMBER KHARISMA PERSADA,2025,75.8948
astraagro,NIRMALA AGRO LESTARI,2021,247.6092
astraagro,NIRMALA AGRO LESTARI,2022,544.3063
astraagro,NIRMALA AGRO LESTARI,2023,323.6116
astraagro,NIRMALA AGRO LESTARI,2024,502.4862
astraagro,NIRMALA AGRO LESTARI,2025,375.3083
astraagro,SARI LEMBAH SUBUR 1,2021,699.4537
astraagro,SARI LEMBAH SUBUR 1,2022,497.3761
astraagro,SARI LEMBAH SUBUR 1,2023,1378.3583
astraagro,SARI LEMBAH SUBUR 1,2024,947.2145
astraagro,SARI LEMBAH SUBUR 1,2025,686.9567
astraagro,SURYA INDAH NUSANTARA PAGI,2021,281.4484
astraagro,SURYA INDAH NUSANTARA PAGI,2022,119.1321
astraagro,SURYA INDAH NUSANTARA PAGI,2023,246.3848
astraagro,SURYA INDAH NUSANTARA PAGI,2024,384.6419
astraagro,SURYA INDAH NUSANTARA PAGI,2025,218.8039
astraagro,SUKSES TANI SUBUR,2021,469.7825
astraagro,SUKSES TANI SUBUR,2022,483.1755
astraagro,SUKSES TANI SUBUR,2023,1334.1689
astraagro,SUKSES TANI SUBUR,2024,413.745
astraagro,SUKSES TANI SUBUR,2025,248.8758
astraagro,SARI LEMBAH SUBUR 2,2021,658.5222
astraagro,SARI LEMBAH SUBUR 2,2022,309.6697
astraagro,SARI LEMBAH SUBUR 2,2023,474.0751
astraagro,SARI LEMBAH SUBUR 2,2024,939.7476
astraagro,SARI LEMBAH SUBUR 2,2025,522.4182
astraagro,LESTARI TANI TELADAN,2021,973.1995
astraagro,LESTARI TANI TELADAN,2022,444.5615
astraagro,LESTARI TANI TELADAN,2023,1067.3826
astraagro,LESTARI TANI TELADAN,2024,584.4415
astraagro,LESTARI TANI TELADAN,2025,699.4268
astraagro,KARYANUSA EKA DAYA 1,2021,50.2997
astraagro,KARYANUSA EKA DAYA 1,2022,59.8939
astraagro,KARYANUSA EKA DAYA 1,2023,228.8414
astraagro,KARYANUSA EKA DAYA 1,2024,195.6215
astraagro,KARYANUSA EKA DAYA 1,2025,246.7987
astraagro,SARI ADITYA LOKA 2,2021,844.7415
astraagro,SARI ADITYA LOKA 2,2022,735.6617
astraagro,SARI ADITYA LOKA 2,2023,760.4741
astraagro,SARI ADITYA LOKA 2,2024,701.5855
astraagro,SARI ADITYA LOKA 2,2025,728.9867
astraagro,PERKEBUNAN LEMBAH BHAKTI 2,2021,379.2075
astraagro,PERKEBUNAN LEMBAH BHAKTI 2,2022,546.4829
astraagro,PERKEBUNAN LEMBAH BHAKTI 2,2023,317.2874
astraagro,PERKEBUNAN LEMBAH BHAKTI 2,2024,236.4819
astraagro,PERKEBUNAN LEMBAH BHAKTI 2,2025,376.7047
astraagro,LARAS ASTRA KARTIKA,2021,266.2899
astraagro,LARAS ASTRA KARTIKA,2022,113.6217
astraagro,LARAS ASTRA KARTIKA,2023,438.1735
astraagro,LARAS ASTRA KARTIKA,2024,427.1848
astraagro,LARAS ASTRA KARTIKA,2025,531.8159
astraagro,KARYANUSA EKA DAYA 2,2021,110.3578
astraagro,KARYANUSA EKA DAYA 2,2022,118.6912
astraagro,KARYANUSA EKA DAYA 2,2023,278.4401
astraagro,KARYANUSA EKA DAYA 2,2024,185.6583
astraagro,KARYANUSA EKA DAYA 2,2025,171.88
astraagro,CAKUNG PERMATA NUSA,2021,363.9291
astraagro,CAKUNG PERMATA NUSA,2022,176.9016
astraagro,CAKUNG PERMATA NUSA,2023,308.8249
astraagro,CAKUNG PERMATA NUSA,2024,217.84
astraagro,CAKUNG PERMATA NUSA,2025,254.801
astraagro,SAWIT JAYA ABADI,2021,212.7441
astraagro,SAWIT JAYA ABADI,2022,188.9505
astraagro,SAWIT JAYA ABADI,2023,579.1289
astraagro,SAWIT JAYA ABADI,2024,588.7045
astraagro,SAWIT JAYA ABADI,2025,689.7559
astraagro,TRIBUANA MAS,2021,16.0742
astraagro,TRIBUANA MAS,2022,10.3585
astraagro,TRIBUANA MAS,2023,151.4428
astraagro,TRIBUANA MAS,2024,161.272
astraagro,TRIBUANA MAS,2025,380.1506
ioi,PAMOL SABAH,2021,492.2898
ioi,PAMOL SABAH,2022,490.8712
ioi,PAMOL SABAH,2023,440.3623
ioi,PAMOL SABAH,2024,1021.7719
ioi,PAMOL SABAH,2025,344.6215
ioi,GOMALI,2021,468.2994
ioi,GOMALI,2022,533.3716
ioi,GOMALI,2023,1662.0568
ioi,GOMALI,2024,996.5731
ioi,GOMALI,2025,748.5924
ioi,PAMOL KLUANG,2021,736.5725
ioi,PAMOL KLUANG,2022,393.655
ioi,PAMOL KLUANG,2023,390.915
ioi,PAMOL KLUANG,2024,193.4509
ioi,PAMOL KLUANG,2025,326.5113
ioi,SAKILAN,2021,663.6002
ioi,SAKILAN,2022,674.3749
ioi,SAKILAN,2023,1531.1889
ioi,SAKILAN,2024,1123.3452
ioi,SAKILAN,2025,708.961
ioi,BATURONG,2021,698.7842
ioi,BATURONG,2022,1142.6103
ioi,BATURONG,2023,764.0297
ioi,BATURONG,2024,538.9398
ioi,BATURONG,2025,425.6162
ioi,BUKIT LEELAU,2021,1518.0207
ioi,BUKIT LEELAU,2022,1037.893
ioi,BUKIT LEELAU,2023,793.6968
ioi,BUKIT LEELAU,2024,367.2054
ioi,BUKIT LEELAU,2025,176.1238
ioi,MAYVIN,2021,391.2253
ioi,MAYVIN,2022,922.0765
ioi,MAYVIN,2023,1703.9844
ioi,MAYVIN,2024,2182.3691
ioi,MAYVIN,2025,863.0555
ioi,PUKIN,2021,44.2128
ioi,PUKIN,2022,35.1837
ioi,PUKIN,2023,118.1973
ioi,PUKIN,2024,383.0723
ioi,PUKIN,2025,201.3011
ioi,SYARIMO,2021,1040.4632
ioi,SYARIMO,2022,2133.95
ioi,SYARIMO,2023,3749.033
ioi,SYARIMO,2024,2536.458
ioi,SYARIMO,2025,2857.8532
ioi,LADANG SABAH,2021,503.4533
ioi,LADANG SABAH,2022,1425.2558
ioi,LADANG SABAH,2023,2046.6179
ioi,LADANG SABAH,2024,1584.6475
ioi,LADANG SABAH,2025,685.5891
ioi,LEEPANG,2021,1313.4427
ioi,LEEPANG,2022,1670.6677
ioi,LEEPANG,2023,1746.5774
ioi,LEEPANG,2024,3058.7157
ioi,LEEPANG,2025,1624.862
ioi,MORISEM,2021,1184.6137
ioi,MORISEM,2022,1312.6478
ioi,MORISEM,2023,1363.2344
ioi,MORISEM,2024,2301.9736
ioi,MORISEM,2025,1269.8263
ioi,UNICO,2021,710.0166
ioi,UNICO,2022,622.842
ioi,UNICO,2023,420.05
ioi,UNICO,2024,2025.18
ioi,UNICO,2025,1245.8409
ioi,UNICO DESA,2021,333.1287
ioi,UNICO DESA,2022,737.889
ioi,UNICO DESA,2023,1227.3093
ioi,UNICO DESA,2024,1458.0656
ioi,UNICO DESA,2025,754.2078
ioi,SUKSES KARYA SAWIT,2021,17.2617
ioi,SUKSES KARYA SAWIT,2022,55.5935
ioi,SUKSES KARYA SAWIT,2023,423.5203
ioi,SUKSES KARYA SAWIT,2024,586.7178
ioi,SUKSES KARYA SAWIT,2025,108.8762
musimmas,BATANG KULIM,2021,695.6514
musimmas,BATANG KULIM,2022,1214.8972
musimmas,BATANG KULIM,2023,1012.4508
musimmas,BATANG KULIM,2024,1691.0114
musimmas,BATANG KULIM,2025,1383.6738
musimmas,AGROWIRATAMA,2021,1713.61
musimmas,AGROWIRATAMA,2022,613.783
musimmas,AGROWIRATAMA,2023,1222.5597
musimmas,AGROWIRATAMA,2024,375.5856
musimmas,AGROWIRATAMA,2025,578.9506
musimmas,SUKAJADI SAWIT MEKAR 1,2021,142.1999
musimmas,SUKAJADI SAWIT MEKAR 1,2022,158.102
musimmas,SUKAJADI SAWIT MEKAR 1,2023,350.7246
musimmas,SUKAJADI SAWIT MEKAR 1,2024,219.8427
musimmas,SUKAJADI SAWIT MEKAR 1,2025,318.4645
musimmas,SUKAJADI SAWIT MEKAR 2,2021,97.6576
musimmas,SUKAJADI SAWIT MEKAR 2,2022,133.9176
musimmas,SUKAJADI SAWIT MEKAR 2,2023,283.2477
musimmas,SUKAJADI SAWIT MEKAR 2,2024,237.6985
musimmas,SUKAJADI SAWIT MEKAR 2,2025,363.2635
musimmas,MAJU ANEKA SAWIT,2021,117.9563
musimmas,MAJU ANEKA SAWIT,2022,105.4813
musimmas,MAJU ANEKA SAWIT,2023,349.6092
musimmas,MAJU ANEKA SAWIT,2024,324.1979
musimmas,MAJU ANEKA SAWIT,2025,294.9022
musimmas,BERKAT SAWIT SEJATI,2021,410.06
musimmas,BERKAT SAWIT SEJATI,2022,403.4714
musimmas,BERKAT SAWIT SEJATI,2023,2368.7701
musimmas,BERKAT SAWIT SEJATI,2024,543.5563
musimmas,BERKAT SAWIT SEJATI,2025,1275.8063
musimmas,UNGGUL LESTARI,2021,101.7129
musimmas,UNGGUL LESTARI,2022,290.2511
musimmas,UNGGUL LESTARI,2023,590.6164
musimmas,UNGGUL LESTARI,2024,566.6133
musimmas,UNGGUL LESTARI,2025,587.2704
musimmas,SIRINGO RINGO,2021,782.9001
musimmas,SIRINGO RINGO,2022,398.4397
musimmas,SIRINGO RINGO,2023,1029.9005
musimmas,SIRINGO RINGO,2024,539.2218
musimmas,SIRINGO RINGO,2025,802.9068
musimmas,GUNTUNG IDAMAN NUSA 1,2021,289.3567
musimmas,GUNTUNG IDAMAN NUSA 1,2022,270.9444
musimmas,GUNTUNG IDAMAN NUSA 1,2023,881.1489
musimmas,GUNTUNG IDAMAN NUSA 1,2024,326.6177
musimmas,GUNTUNG IDAMAN NUSA 1,2025,310.7294
musimmas,BAHANA NUSA INTERINDO,2021,391.2158
musimmas,BAHANA NUSA INTERINDO,2022,815.2035
musimmas,BAHANA NUSA INTERINDO,2023,438.4755
musimmas,BAHANA NUSA INTERINDO,2024,382.962
musimmas,BAHANA NUSA INTERINDO,2025,277.134
musimmas,GUNTUNG IDAMAN NUSA 2,2021,467.7384
musimmas,GUNTUNG IDAMAN NUSA 2,2022,307.392
musimmas,GUNTUNG IDAMAN NUSA 2,2023,1470.7234
musimmas,GUNTUNG IDAMAN NUSA 2,2024,1258.4398
musimmas,GUNTUNG IDAMAN NUSA 2,2025,1029.2542
musimmas,MULTI PERSADA GATRA MEGAH,2021,149.7449
musimmas,MULTI PERSADA GATRA MEGAH,2022,217.6468
musimmas,MULTI PERSADA GATRA MEGAH,2023,334.2806
musimmas,MULTI PERSADA GATRA MEGAH,2024,161.4626
musimmas,MULTI PERSADA GATRA MEGAH,2025,314.2213
musimmas,SINAR AGRO RAYA,2021,780.5495
musimmas,SINAR AGRO RAYA,2022,448.5851
musimmas,SINAR AGRO RAYA,2023,575.8404
musimmas,SINAR AGRO RAYA,2024,1504.1683
musimmas,SINAR AGRO RAYA,2025,1434.9626
musimmas,INDOMAKMUR SAWIT BERJAYA,2021,857.7539
musimmas,INDOMAKMUR SAWIT BERJAYA,2022,735.371
musimmas,INDOMAKMUR SAWIT BERJAYA,2023,1258.48
musimmas,INDOMAKMUR SAWIT BERJAYA,2024,773.1447
musimmas,INDOMAKMUR SAWIT BERJAYA,2025,934.005
musimmas,SARANA ESA CITA,2021,248.6359
musimmas,SARANA ESA CITA,2022,382.215
musimmas,SARANA ESA CITA,2023,508.4063
musimmas,SARANA ESA CITA,2024,495.7957
musimmas,SARANA ESA CITA,2025,480.2866
musimmas,GLOBALINDO ALAM PERKASA PALM OIL MILL,2021,17.9683
musimmas,GLOBALINDO ALAM PERKASA PALM OIL MILL,2022,86.0877
musimmas,GLOBALINDO ALAM PERKASA PALM OIL MILL,2023,375.3431
musimmas,GLOBALINDO ALAM PERKASA PALM OIL MILL,2024,416.5277
musimmas,GLOBALINDO ALAM PERKASA PALM OIL MILL,2025,241.5866
musimmas,PT. LESTARI ABADI PERKASA,2021,304.0674
musimmas,PT. LESTARI ABADI PERKASA,2022,506.2728
musimmas,PT. LESTARI ABADI PERKASA,2023,897.0853
musimmas,PT. LESTARI ABADI PERKASA,2024,670.3526
musimmas,PT. LESTARI ABADI PERKASA,2025,446.0146
musimmas,AGRO PALINDO SAKTI,2021,499.6183
musimmas,AGRO PALINDO SAKTI,2022,286.3521
musimmas,AGRO PALINDO SAKTI,2023,789.766
musimmas,AGRO PALINDO SAKTI,2024,693.7385
musimmas,AGRO PALINDO SAKTI,2025,624.9436
genting,GENTING AYER ITEM,2021,985.6202
genting,GENTING AYER ITEM,2022,355.7014
genting,GENTING AYER ITEM,2023,403.7107
genting,GENTING AYER ITEM,2024,599.4528
genting,GENTING AYER ITEM,2025,404.5098
genting,GENTING INDAH,2021,222.3812
genting,GENTING INDAH,2022,107.5428
genting,GENTING INDAH,2023,223.8718
genting,GENTING INDAH,2024,401.6457
genting,GENTING INDAH,2025,476.1146
genting,GENTING JAMBONGAN,2021,33.0338
genting,GENTING JAMBONGAN,2022,137.8182
genting,GENTING JAMBONGAN,2023,209.4845
genting,GENTING JAMBONGAN,2024,564.1503
genting,GENTING JAMBONGAN,2025,59.9758
genting,GENTING MEWAH,2021,982.9323
genting,GENTING MEWAH,2022,1163.0776
genting,GENTING MEWAH,2023,2494.3307
genting,GENTING MEWAH,2024,750.9259
genting,GENTING MEWAH,2025,911.5834
genting,MULIA,2021,261.0326
genting,MULIA,2022,417.2497
genting,MULIA,2023,647.8722
genting,MULIA,2024,1200.9709
genting,MULIA,2025,591.2623
genting,GENTING SABAPALM,2021,683.6839
genting,GENTING SABAPALM,2022,488.583
genting,GENTING SABAPALM,2023,505.5124
genting,GENTING SABAPALM,2024,950.831
genting,GENTING SABAPALM,2025,514.8311
genting,GENTING TANJUNG,2021,2288.1361
genting,GENTING TANJUNG,2022,1590.918
genting,GENTING TANJUNG,2023,2183.1693
genting,GENTING TANJUNG,2024,2060.4683
genting,GENTING TANJUNG,2025,2056.1136
genting,DWIE WARNA KARYA,2021,89.8399
genting,DWIE WARNA KARYA,2022,186.0121
genting,DWIE WARNA KARYA,2023,235.5816
genting,DWIE WARNA KARYA,2024,223.4639
genting,DWIE WARNA KARYA,2025,247.913
genting,GENTING TRUSHIDUP,2021,1182.1475
genting,GENTING TRUSHIDUP,2022,644.3487
genting,GENTING TRUSHIDUP,2023,845.4901
genting,GENTING TRUSHIDUP,2024,1405.8959
genting,GENTING TRUSHIDUP,2025,1051.1273
genting,KHARISMA INTI USAHA,2021,64.8226
genting,KHARISMA INTI USAHA,2022,42.9788
genting,KHARISMA INTI USAHA,2023,287.1728
genting,KHARISMA INTI USAHA,2024,80.7491
genting,KHARISMA INTI USAHA,2025,91.7495
genting,ASIATIC SABAPALM,2021,252.5174
genting,ASIATIC SABAPALM,2022,378.9219
genting,ASIATIC SABAPALM,2023,289.9179
genting,ASIATIC SABAPALM,2024,318.687
genting,ASIATIC SABAPALM,2025,99.0838
genting,SEPANJANG INTI SURYA UTAMA 2,2021,571.6921
genting,SEPANJANG INTI SURYA UTAMA 2,2022,285.9109
genting,SEPANJANG INTI SURYA UTAMA 2,2023,474.5999
genting,SEPANJANG INTI SURYA UTAMA 2,2024,444.2617
genting,SEPANJANG INTI SURYA UTAMA 2,2025,370.2502
genting,GLOBALINDO AGUNG LESTARI,2021,130.8695
genting,GLOBALINDO AGUNG LESTARI,2022,244.788
genting,GLOBALINDO AGUNG LESTARI,2023,688.387
genting,GLOBALINDO AGUNG LESTARI,2024,558.1201
genting,GLOBALINDO AGUNG LESTARI,2025,370.3664
genting,AGRO ABADI CEMERLANG ,2021,457.6835
genting,AGRO ABADI CEMERLANG ,2022,560.1975
genting,AGRO ABADI CEMERLANG ,2023,871.8785
genting,AGRO ABADI CEMERLANG ,2024,648.5544
genting,AGRO ABADI CEMERLANG ,2025,429.2215
genting,KAPUAS MAJU JAYA/GEMILANG OIL MILL,2021,209.8246
genting,KAPUAS MAJU JAYA/GEMILANG OIL MILL,2022,297.6892
genting,KAPUAS MAJU JAYA/GEMILANG OIL MILL,2023,230.4419
genting,KAPUAS MAJU JAYA/GEMILANG OIL MILL,2024,321.6307
genting,KAPUAS MAJU JAYA/GEMILANG OIL MILL,2025,249.1326
firstresources,ARINDO TRI SEJAHTERA,2021,1657.2279
firstresources,ARINDO TRI SEJAHTERA,2022,40.9318
firstresources,ARINDO TRI SEJAHTERA,2023,189.6221
firstresources,ARINDO TRI SEJAHTERA,2024,113.31
firstresources,ARINDO TRI SEJAHTERA,2025,85.5515
firstresources,MERIDAN SEJATI SURYA PLANTATION,2021,833.5208
firstresources,MERIDAN SEJATI SURYA PLANTATION,2022,1311.5748
firstresources,MERIDAN SEJATI SURYA PLANTATION,2023,1284.4435
firstresources,MERIDAN SEJATI SURYA PLANTATION,2024,1395.1309
firstresources,MERIDAN SEJATI SURYA PLANTATION,2025,2058.3362
firstresources,CILIANDRA PERKASA,2021,521.265
firstresources,CILIANDRA PERKASA,2022,607.4807
firstresources,CILIANDRA PERKASA,2023,2093.7887
firstresources,CILIANDRA PERKASA,2024,1590.5181
firstresources,CILIANDRA PERKASA,2025,1418.1096
firstresources,SURYA INTISARI RAYA,2021,296.4554
firstresources,SURYA INTISARI RAYA,2022,179.9155
firstresources,SURYA INTISARI RAYA,2023,563.4938
firstresources,SURYA INTISARI RAYA,2024,775.788
firstresources,SURYA INTISARI RAYA,2025,1301.7134
firstresources,PT SUBUR ARUMMAKMUR,2021,128.0826
firstresources,PT SUBUR ARUMMAKMUR,2022,133.1905
firstresources,PT SUBUR ARUMMAKMUR,2023,808.9258
firstresources,PT SUBUR ARUMMAKMUR,2024,338.2802
firstresources,PT SUBUR ARUMMAKMUR,2025,550.7054
firstresources,PERDANA INTI SAWIT PERKASA 1,2021,1016.8958
firstresources,PERDANA INTI SAWIT PERKASA 1,2022,980.0293
firstresources,PERDANA INTI SAWIT PERKASA 1,2023,1104.5587
firstresources,PERDANA INTI SAWIT PERKASA 1,2024,402.5199
firstresources,PERDANA INTI SAWIT PERKASA 1,2025,413.174
firstresources,MURINI WOOD INDAH INDUSTRI,2021,291.3689
firstresources,MURINI WOOD INDAH INDUSTRI,2022,265.8129
firstresources,MURINI WOOD INDAH INDUSTRI,2023,1186.0202
firstresources,MURINI WOOD INDAH INDUSTRI,2024,638.8211
firstresources,MURINI WOOD INDAH INDUSTRI,2025,484.6931
firstresources,SWADAYA MUKTI PRAKARSA,2021,472.7207
firstresources,SWADAYA MUKTI PRAKARSA,2022,259.8858
firstresources,SWADAYA MUKTI PRAKARSA,2023,430.5122
firstresources,SWADAYA MUKTI PRAKARSA,2024,144.1023
firstresources,SWADAYA MUKTI PRAKARSA,2025,306.6193
firstresources,MERIDAN SEJATI SURYA PLANTATION BANGSAL ACEH,2021,276.3366
firstresources,MERIDAN SEJATI SURYA PLANTATION BANGSAL ACEH,2022,276.72
firstresources,MERIDAN SEJATI SURYA PLANTATION BANGSAL ACEH,2023,283.043
firstresources,MERIDAN SEJATI SURYA PLANTATION BANGSAL ACEH,2024,236.3361
firstresources,MERIDAN SEJATI SURYA PLANTATION BANGSAL ACEH,2025,274.3783
firstresources,TAMBUSAI,2021,907.151
firstresources,TAMBUSAI,2022,941.2304
firstresources,TAMBUSAI,2023,1012.0081
firstresources,TAMBUSAI,2024,100.1752
firstresources,TAMBUSAI,2025,170.1957
firstresources,SUBUR ARUM MAKMUR II,2021,14.0141
firstresources,SUBUR ARUM MAKMUR II,2022,23.1414
firstresources,SUBUR ARUM MAKMUR II,2023,17.0724
firstresources,SUBUR ARUM MAKMUR II,2024,35.7536
firstresources,SUBUR ARUM MAKMUR II,2025,69.0968
firstresources,LIMPAH SEJAHTERA,2021,57.3189
firstresources,LIMPAH SEJAHTERA,2022,189.2487
firstresources,LIMPAH SEJAHTERA,2023,378.6822
firstresources,LIMPAH SEJAHTERA,2024,310.6634
firstresources,LIMPAH SEJAHTERA,2025,177.1062
firstresources,PERDANA INTI SAWIT PERKASA 2,2021,123.6135
firstresources,PERDANA INTI SAWIT PERKASA 2,2022,151.4762
firstresources,PERDANA INTI SAWIT PERKASA 2,2023,122.8117
firstresources,PERDANA INTI SAWIT PERKASA 2,2024,58.426
firstresources,PERDANA INTI SAWIT PERKASA 2,2025,56.3056
firstresources,KETAPANG AGRO LESTARI,2021,210.8565
firstresources,KETAPANG AGRO LESTARI,2022,55.5
firstresources,KETAPANG AGRO LESTARI,2023,328.4117
firstresources,KETAPANG AGRO LESTARI,2024,333.4738
firstresources,KETAPANG AGRO LESTARI,2025,183.8541
firstresources,UMEKA SARI PRATAMA,2021,167.0196
firstresources,UMEKA SARI PRATAMA,2022,266.1784
firstresources,UMEKA SARI PRATAMA,2023,689.8881
firstresources,UMEKA SARI PRATAMA,2024,991.3826
firstresources,UMEKA SARI PRATAMA,2025,494.2744
firstresources,SURYA DUMAI AGRINDO MILL,2021,301.9364
firstresources,SURYA DUMAI AGRINDO MILL,2022,290.1975
firstresources,SURYA DUMAI AGRINDO MILL,2023,199.0123
firstresources,SURYA DUMAI AGRINDO MILL,2024,302.1357
firstresources,SURYA DUMAI AGRINDO MILL,2025,338.7471
bumitama,PUNDU NABATINDO,2021,357.4326
bumitama,PUNDU NABATINDO,2022,560.6496
bumitama,PUNDU NABATINDO,2023,1462.2989
bumitama,PUNDU NABATINDO,2024,1248.9249
bumitama,PUNDU NABATINDO,2025,960.3914
bumitama,GUNUNG MAKMUR,2021,710.9648
bumitama,GUNUNG MAKMUR,2022,1202.6353
bumitama,GUNUNG MAKMUR,2023,1133.7679
bumitama,GUNUNG MAKMUR,2024,1163.4778
bumitama,GUNUNG MAKMUR,2025,926.3335
bumitama,KENDAWANGAN,2021,119.7496
bumitama,KENDAWANGAN,2022,227.0958
bumitama,KENDAWANGAN,2023,698.7931
bumitama,KENDAWANGAN,2024,360.3137
bumitama,KENDAWANGAN,2025,294.1345
bumitama,KOTAWARINGIN,2021,227.0569
bumitama,KOTAWARINGIN,2022,508.6579
bumitama,KOTAWARINGIN,2023,567.7016
bumitama,KOTAWARINGIN,2024,265.9451
bumitama,KOTAWARINGIN,2025,212.1426
bumitama,BUKIT TUNGGAL JAYA,2021,272.9861
bumitama,BUKIT TUNGGAL JAYA,2022,322.2258
bumitama,BUKIT TUNGGAL JAYA,2023,324.5233
bumitama,BUKIT TUNGGAL JAYA,2024,258.3103
bumitama,BUKIT TUNGGAL JAYA,2025,219.1395
bumitama,SUKADAMAI,2021,196.2858
bumitama,SUKADAMAI,2022,207.1631
bumitama,SUKADAMAI,2023,378.6509
bumitama,SUKADAMAI,2024,300.9767
bumitama,SUKADAMAI,2025,306.7126
bumitama,PEMBANGUNAN RAYA,2021,23.4001
bumitama,PEMBANGUNAN RAYA,2022,20.4527
bumitama,PEMBANGUNAN RAYA,2023,23.2215
bumitama,PEMBANGUNAN RAYA,2024,22.5067
bumitama,PEMBANGUNAN RAYA,2025,15.8084
bumitama,KATARI AGRO,2021,124.4566
bumitama,KATARI AGRO,2022,306.911
bumitama,KATARI AGRO,2023,653.5764
bumitama,KATARI AGRO,2024,514.2006
bumitama,KATARI AGRO,2025,702.49
bumitama,BUKIT MAKMUR,2021,55.7467
bumitama,BUKIT MAKMUR,2022,173.7097
bumitama,BUKIT MAKMUR,2023,270.3717
bumitama,BUKIT MAKMUR,2024,382.1763
bumitama,BUKIT MAKMUR,2025,354.5244
bumitama,SUNGAI RASAU,2021,58.2528
bumitama,SUNGAI RASAU,2022,114.0043
bumitama,SUNGAI RASAU,2023,89.5803
bumitama,SUNGAI RASAU,2024,188.4112
bumitama,SUNGAI RASAU,2025,76.6755
bumitama,LAMANDAU,2021,237.0136
bumitama,LAMANDAU,2022,661.1199
bumitama,LAMANDAU,2023,570.6412
bumitama,LAMANDAU,2024,449.1733
bumitama,LAMANDAU,2025,224.5355
bumitama,SUNGAI CEMPAGA,2021,165.964
bumitama,SUNGAI CEMPAGA,2022,632.1719
bumitama,SUNGAI CEMPAGA,2023,360.0382
bumitama,SUNGAI CEMPAGA,2024,908.2153
bumitama,SUNGAI CEMPAGA,2025,764.0017
bumitama,BUKIT BELABAN JAYA,2021,290.2897
bumitama,BUKIT BELABAN JAYA,2022,350.7987
bumitama,BUKIT BELABAN JAYA,2023,766.2592
bumitama,BUKIT BELABAN JAYA,2024,784.8422
bumitama,BUKIT BELABAN JAYA,2025,359.3513
bumitama,TONAM RAYA,2021,295.4877
bumitama,TONAM RAYA,2022,683.9787
bumitama,TONAM RAYA,2023,744.4305
bumitama,TONAM RAYA,2024,680.9761
bumitama,TONAM RAYA,2025,454.1213
sipef,HARGY MILL,2021,299.4968
sipef,HARGY MILL,2022,344.7569
sipef,HARGY MILL,2023,57.6882
sipef,HARGY MILL,2024,93.4042
sipef,HARGY MILL,2025,121.0309
sipef,BUKIT MARADJA,2021,663.7657
sipef,BUKIT MARADJA,2022,212.1291
sipef,BUKIT MARADJA,2023,569.4971
sipef,BUKIT MARADJA,2024,738.8085
sipef,BUKIT MARADJA,2025,364.4089
sipef,PERLABIAN,2021,589.537
sipef,PERLABIAN,2022,495.4791
sipef,PERLABIAN,2023,711.0403
sipef,PERLABIAN,2024,751.8255
sipef,PERLABIAN,2025,456.2782
sipef,NAVO MILL,2021,470.057
sipef,NAVO MILL,2022,1103.8333
sipef,NAVO MILL,2023,594.8741
sipef,NAVO MILL,2024,653.8299
sipef,NAVO MILL,2025,121.876
sipef,MUKOMUKO POM,2021,407.4671
sipef,MUKOMUKO POM,2022,318.1305
sipef,MUKOMUKO POM,2023,462.7397
sipef,MUKOMUKO POM,2024,368.0727
sipef,MUKOMUKO POM,2025,258.0307
sipef,BUNGA TANJUNG,2021,561.4348
sipef,BUNGA TANJUNG,2022,384.8114
sipef,BUNGA TANJUNG,2023,468.2792
sipef,BUNGA TANJUNG,2024,476.0897
sipef,BUNGA TANJUNG,2025,432.283
sipef,BAREMA PALM OIL MILL,2021,192.457
sipef,BAREMA PALM OIL MILL,2022,467.1112
sipef,BAREMA PALM OIL MILL,2023,337.6199
sipef,BAREMA PALM OIL MILL,2024,183.0143
sipef,BAREMA PALM OIL MILL,2025,157.2426
sipef,UMBUL MAS WISESA,2021,147.531
sipef,UMBUL MAS WISESA,2022,176.6123
sipef,UMBUL MAS WISESA,2023,351.0998
sipef,UMBUL MAS WISESA,2024,323.8746
sipef,UMBUL MAS WISESA,2025,364.3731
sipef,SOUBRE,2021,972.1259
sipef,SOUBRE,2022,373.7284
sipef,SOUBRE,2023,305.7729
sipef,SOUBRE,2024,401.2109
sipef,SOUBRE,2025,155.4382
sipef,DENDYMARKER,2021,2760.0599
sipef,DENDYMARKER,2022,912.8113
sipef,DENDYMARKER,2023,1156.7833
sipef,DENDYMARKER,2024,996.9507
sipef,DENDYMARKER,2025,565.9792
sipef,BOLO,2021,791.9692
sipef,BOLO,2022,418.5011
sipef,BOLO,2023,491.7629
sipef,BOLO,2024,354.7355
sipef,BOLO,2025,431.1513
