company,mill_name,country,loss_post2020_ha_csv,loss_post2020_ha_gee,loss_on_palm_ha,loss_on_industrial_ha,pct_loss_to_palm
wilmar,SABAHMAS,Malaysia,6675.041364981466,5625.788228287249,5295.870787640477,5086.890983475869,94.1
wilmar,SAREMAS 1,Malaysia,3218.9170937148733,2175.713654849256,1796.4841510232463,1780.9172886089073,82.6
wilmar,SAREMAS 2,Malaysia,4849.482374820462,3833.7018051963228,3577.2622439610604,3558.7892634468917,93.3
wilmar,TERUSAN,Malaysia,1352.2328613330494,1224.250758087022,657.4252819473253,606.99585321344,53.7
wilmar,SAPI,Malaysia,2049.496048776632,1376.32392946695,1279.7159978083243,1225.9845887354484,93.0
wilmar,REKA HALUS,Malaysia,2394.179103874066,1955.0169206310427,1559.7305329278113,1488.6838116514627,79.8
wilmar,MUSTIKA SEMBULUH 1,Indonesia,2236.5311185592245,904.4583986258975,457.2086689841222,431.12902838093976,50.6
wilmar,KERRY SAWIT INDONESIA 1,Indonesia,510.81045079695406,463.94268553379703,17.144738972187042,16.60896273702383,3.7
wilmar,RIBUBONUS,Malaysia,1308.8836405745442,1076.4361039974526,308.36235117608425,253.09990061819553,28.6
wilmar,SRI KAMUSAN,Malaysia,3019.406101897209,856.3586270192379,510.8854045280054,504.4857462876275,59.7
wilmar,PINANG AWAM,Indonesia,3977.560600486173,3428.203499394714,3153.7147412105815,1619.357531058554,92.0
wilmar,KENCANA SAWIT INDONESIA,Indonesia,9096.73681128851,7715.413410830435,6467.657243618983,6320.365992948706,83.8
wilmar,BURNAI TIMUR,Indonesia,2829.010822407336,1762.026167887362,949.1962500715956,913.0609361583696,53.9
wilmar,SARANA TITIAN PERMATA PKS 1,Indonesia,496.5165747309444,460.5110772609708,12.745130558428812,12.745130558428812,2.8
wilmar,AMP PLANTATION,Indonesia,1720.2564178301209,1487.1863014865157,367.8864198573081,100.6269405538545,24.7
wilmar,DABUK REJO,Indonesia,3856.074783389086,2451.122828576056,1696.2726893050117,1667.1104025370926,69.2
wilmar,BUMI SAWIT KENCANA,Indonesia,1023.004633164256,502.5481821299476,35.054593013022455,28.80132153758816,7.0
wilmar,BENSO OIL PALM PLANTATION OIL MILL,Ghana,4057.083171595489,3990.2271915526944,1575.7024961933494,1554.5968371629715,39.5
wilmar,DAYA LABUHAN INDAH 2,Indonesia,3266.7193877226355,2380.980974322792,1642.606791761985,1361.2815798574804,69.0
wilmar,GERSINDO MINANG PLANTATION,Indonesia,2994.256293552513,2196.5773818992516,725.2602726344384,240.56825213879347,33.0
wilmar,MENTAYA SAWIT MAS,Indonesia,1236.901495305768,853.7237992874839,29.748601257801056,23.67380889505148,3.5
wilmar,RIMBA HARAPAN SAKTI,Indonesia,494.6632008588944,452.24690943483057,12.801198903427405,12.711903754577918,2.8
wilmar,SUBURMAS,Malaysia,5803.043192437458,2581.7605661453545,2168.038432030262,2167.5922823532237,84.0
wilmar,KARUNIA KENCANA PERMAI SEJATI,Indonesia,1122.5529842564729,947.5079622560854,19.206158086657524,17.062200494110584,2.0
wilmar,SELABU,Indonesia,4077.349576629439,3855.120546245895,494.8089949050955,356.07223511487246,12.8
wilmar,AGROINDO INDAH PERSADA 1,Indonesia,1992.5664138555585,1566.6569317368026,1298.2276338281883,1015.3040255510045,82.9
wilmar,BUMI PRATAMA KHATULISTIWA,Indonesia,2119.54518163379,1669.5476605556175,62.035536916612415,41.7647546494124,3.7
wilmar,SINAR SIAK DIAN PERMAI,Indonesia,6877.78553872741,3906.288968256231,3346.7567243965805,2559.2741475024045,85.7
wilmar,SIAK PRIMA SAKTI,Indonesia,2798.32725366621,1534.6327827695825,1356.809498542664,743.2242021141684,88.4
wilmar,MURINI SAM-SAM PELINTUNG,Indonesia,767.0881717308606,680.7345204455304,10.794683566923235,5.7010593550754525,1.6
wilmar,AGRONUSA INVESTAMA 2 - PAHAUMAN,Indonesia,2956.234745342292,2704.6730372495826,36.42684487086885,29.499510965598564,1.3
wilmar,SINAR PERDANA CARAKA,Indonesia,2040.6408363654568,1939.5932881423957,1843.2403437582602,1029.2298487664734,95.0
wilmar,BULUH CINA,Indonesia,2498.858534856018,2371.8646274842176,2129.8337369018914,767.4556649568033,89.8
wilmar,AEK BATU,Indonesia,2564.4416643591258,2377.1355267707913,1575.5284636117956,249.73879704419886,66.3
wilmar,AGROINDO INDAH PERSADA 2,Indonesia,6543.229299525134,6213.3478344902705,301.2164263614545,90.17680819838071,4.8
wilmar,AGROINDO INDAH PERSADA 3,Indonesia,3729.465759599534,3568.066489040588,1339.0600831072122,1251.2763254181136,37.5
wilmar,MURINI SAM-SAM KANDIS,Indonesia,1464.82965171968,1254.7270304351753,909.9112106996718,662.6321797368865,72.5
wilmar,KERRY SAWIT INDONESIA 2,Indonesia,718.6085531571573,527.0973330124043,66.91889819406413,62.58470016177378,12.7
wilmar,AGRO PALINDO SAKTI 2,Indonesia,4010.3600799737783,3882.561353623109,65.34203797505765,19.302905730172704,1.7
wilmar,MUSTIKA SEMBULUH 2,Indonesia,1440.396892011693,913.1426517532739,101.87585291970595,82.7619756605111,11.2
wilmar,DAYA LABUHAN INDAH I,Indonesia,2286.770565704317,2097.7724811452285,1631.8384627098549,1033.8287659305274,77.8
wilmar,SARANA TITIAN PERMATA PKS 2,Indonesia,934.1921014781376,854.5501074502866,9.106354848339278,8.927775666906554,1.1
wilmar,AGRONUSA INVESTAMA 3 - SAMBAS,Indonesia,2723.580984703652,1516.6700746084548,51.48542523836973,50.949197155295636,3.4
wilmar,CALARO,Nigeria,1617.4295696116903,1193.7527016416195,21.098266005516052,2.9379285871982574,1.8
wilmar,EYOP INDUSTRIES LTD,Nigeria,3854.5893105765786,3651.182829517359,7.391362316906452,1.0685827061533928,0.2
gar,UJUNG TANJUNG,Indonesia,1692.721225189418,1537.9577331326177,1358.5695553305984,1028.838470154037,88.3
gar,LIBO,Indonesia,1029.4421124797,892.4618390955468,687.4241314355648,380.4321462159355,77.0
gar,SAM-SAM,Indonesia,1683.0936881828416,1487.7078388865382,1374.0974386895698,955.3426267573938,92.4
gar,SEKIJANG,Indonesia,6398.614656763668,6155.32639160878,6009.961181070584,5893.22045913704,97.6
gar,NAGA SAKTI,Indonesia,10197.36722048062,9701.552739285658,9550.753856331836,9380.411406456633,98.4
gar,RAMARAMA,Indonesia,3302.6504571324976,2718.3700393968065,2474.830646611926,2022.2137275253442,91.0
gar,BUMI PALMA,Indonesia,1920.9197881445173,1677.153437523719,398.5655327467357,112.44180999369013,23.8
gar,INDRA SAKTI,Indonesia,3747.219910004036,3452.5929624944074,1109.8080821001072,1045.3081234694118,32.1
gar,PADANG HALABAN,Indonesia,3495.0819632779985,3237.6323344009193,2291.615653817824,1244.515594836573,70.8
gar,LANGGA PAYUNG PALM OIL MILL,Indonesia,2310.4298156972973,1925.9864109916718,613.848700565772,183.64080399090753,31.9
gar,BATU AMPAR,Indonesia,5473.753031099172,3114.0047051175284,1283.0473413541913,1209.9414598345757,41.2
gar,TANAH LAUR,Indonesia,5015.063171583944,1685.1736154885264,1050.3548599910796,1035.4577809628904,62.3
gar,HANAU,Indonesia,5148.892359236773,2801.6170555030308,2080.667294068196,2074.4850304311685,74.3
gar,SUNGAI RUNGAU,Indonesia,4296.401658012184,1184.635636616892,873.2138458111708,852.2068383489462,73.7
gar,SEMILAR,Indonesia,1602.631872927733,222.21056418068272,194.19677173276162,194.19677173276162,87.4
gar,SUNGAI BUAYA,Indonesia,5061.510394607596,3567.4839322886037,3031.335157755338,2923.66743893077,85.0
gar,SUNGAI MERAH,Indonesia,4219.355571937479,2435.5495949935093,1793.724329598219,1619.1517714270487,73.6
gar,JELATANG,Indonesia,4190.9258858020685,3981.807002121852,546.3831114794402,116.86676454882995,13.7
gar,LANGLING,Indonesia,4592.111040275096,4158.857481804514,1889.0191435670733,823.2585602152582,45.4
gar,MASKAPAI PERKEBUAN LEIDONG WEST,Indonesia,9086.665451826697,8501.199321071337,6734.0582199369865,6543.3779686123125,79.2
gar,TANJUNG KEMBIRI,Indonesia,1021.2543219827144,852.7471079982381,57.94073677784672,42.94172157347202,6.8
gar,BUMI SAWIT,Indonesia,3996.1439963752873,2715.1717373741044,721.4435670577428,698.4214244388482,26.6
gar,PANGKALAN PANJI,Indonesia,2000.4147335664336,1574.3782202985653,80.17377130687237,69.54917784035206,5.1
gar,MUARA KANDIS,Indonesia,5574.675756398598,4631.408441423959,434.7189796878427,358.87453158947767,9.4
gar,PEKAWAI,Indonesia,906.3119478437104,779.3812792461878,14.6561159491539,7.0599692687392235,1.9
gar,KENANGA PALM OIL MILL,Indonesia,1808.0005329735748,1593.0787725589728,60.660287126898766,58.96287676692009,3.8
gar,SUNGAI BENGKAL,Indonesia,3706.95991382558,3568.0158830565583,192.48462802051912,184.44187629103075,5.4
gar,BUKIT PERAK,Indonesia,7426.112404479827,7009.246169691406,3382.648509507582,3177.4733680117656,48.3
gar,MUARA WAHAU,Indonesia,3986.046486494571,2194.0876032839806,348.2953848898995,339.73552763462067,15.9
gar,JAK LUAY,Indonesia,1678.3865867486918,1554.2774817030224,141.18185922132403,132.42205454038054,9.1
gar,PT BINASAWIT ABADI PRATAMA - PERDANA MILL,Indonesia,1190.8080181636376,492.0951743712027,176.0394686792703,167.46450580998376,35.8
gar,BATU KAPUR,Indonesia,4963.649568595475,3386.3111572767584,2616.2500247944217,2336.9693353612047,77.3
gar,BELIAN,Indonesia,603.3604397846452,544.4158340735178,27.086489215493202,26.460724361240864,5.0
gar,PERSADA GRAHA MANDIRI,Indonesia,974.110041542535,848.7916295578084,42.674398151215385,37.40007828640587,5.0
gar,SUNGAI KIKIM,Indonesia,3950.2770800374033,3452.231688029042,1170.238077296667,901.4035443998442,33.9
gar,PELAKAR,Indonesia,7437.942755793725,6628.691979574074,2836.4720250367245,2503.787004045996,42.8
gar,SENAKIN,Indonesia,1376.6961399425238,967.6151808594957,107.07288817833454,105.64415866653711,11.1
gar,SUNGAI KUPANG,Indonesia,4912.099958093767,2909.0846660575457,1602.8559599765958,1476.1476129407977,55.1
gar,KUAYAN,Indonesia,937.9538011474716,392.81310029535325,170.61638911378154,170.25899883669385,43.4
gar,TANGAR,Indonesia,2639.698200236716,535.8485334983935,446.1036363874872,441.36920316119983,83.3
gar,KAPUASINDO PALM INDUSTRY,Indonesia,1258.3929699599678,987.3820568110136,242.6578099731721,215.48536948155538,24.6
gar,KASUARI,Indonesia,4819.899186168423,3275.1346878369664,3026.3889487252814,3012.8181501792055,92.4
gar,SUNGAI MAGALAU,Indonesia,1810.028062578763,1101.222718953619,262.1932343009348,260.2287080052729,23.8
gar,JALEMO,Indonesia,1732.786004590231,1530.7550508962845,14.396367566316735,14.038878911762845,0.9
gar,SAWITA,Indonesia,3598.8941385097974,2345.3032967580602,1138.0673860068998,1120.9296910524658,48.5
gar,SAKO,Indonesia,1604.2777422287666,1313.3728962357711,308.38448552597384,298.37820260036807,23.5
gar,SUNGAI AIR JERNIH,Indonesia,3121.7410743896394,2970.0608067560715,98.98931228404535,49.941733188927174,3.3
gar,RANTAU PANJANG,Indonesia,1200.9636097545776,1106.8989866383808,28.871174588799477,20.290374226868153,2.6
gar,GUNUNG KOMBENG,Indonesia,3881.106606937921,2088.681223759552,348.40544500947,339.73552763462067,16.7
gar,BANGUNG NUSA MANDIRI KENARI,Indonesia,2652.324774669732,2607.116425385224,50.865656752270816,47.405042239000984,2.0
sdguthrie,BINUANG (SOU 28),Malaysia,3128.148128067068,3008.387962753894,2931.934750509962,2915.8101537927096,97.5
sdguthrie,MEROTAI (SOU 30),Malaysia,5342.973682961259,3337.4481173853947,3066.359918088567,3027.4812025711512,91.9
sdguthrie,SANDAKAN BAY (SOU 26),Malaysia,3295.314047363667,2745.813380908178,2634.8632235638365,2548.2918069473967,96.0
sdguthrie,EAST (SOU 8),Malaysia,2021.3300366307017,1584.3211038667198,1009.4359815860786,553.638613273934,63.7
sdguthrie,TANAH MERAH (SOU 14),Malaysia,2613.570241997449,1638.7008854882986,941.6283135911119,772.7832444266944,57.5
sdguthrie,SEGALIUD (SOU 25),Malaysia,3921.058655351509,3373.6191971186613,3094.4778556170413,2964.6458696412983,91.7
sdguthrie,WEST (SOU 9),Malaysia,1769.3152060979278,1118.4965509851481,768.0038095423112,660.3658884838223,68.7
sdguthrie,SUNGAI DINGIN (SOU 1),Malaysia,2961.112681388443,1991.7495009418783,792.355879215253,678.7290002909066,39.8
sdguthrie,YONG PENG (SOU 19A),Malaysia,4226.371499398091,2962.017866724435,2047.8960092798475,377.17134436696193,69.1
sdguthrie,BUKIT KERAYONG (SOU 7),Malaysia,2200.619737792925,1710.1307186796962,796.876257058978,386.3768066184194,46.6
sdguthrie,JABOR (SOU 12),Malaysia,3026.9870888925743,2607.2141424783304,1338.707292114081,1229.3148839450348,51.3
sdguthrie,TENNAMARAM (SOU 6),Malaysia,1814.4514201900813,1256.908852356614,849.739024093747,617.5635765694519,67.6
sdguthrie,GIRAM (SOU 29),Malaysia,7774.629662965579,6321.193415005036,6182.743439006717,6086.935977761125,97.8
sdguthrie,GUNUNG MAS (SOU 21),Malaysia,5543.78052430172,4272.175510356328,3767.9403109503714,3241.559461513541,88.2
sdguthrie,DIAMOND JUBILEE (SOU 18),Malaysia,2996.7761961152846,2023.7722519580054,907.5349424795482,525.2862541291644,44.8
sdguthrie,NORDANAL (SOU 19),Malaysia,2942.1750347150632,2188.978197183473,1087.6150992160044,213.15405036509037,49.7
sdguthrie,CHAAH (SOU 20),Malaysia,2477.4935377742318,1653.3414455807085,1060.3973879784053,441.2327143840639,64.1
sdguthrie,ELPHIL (SOU 3),Malaysia,3880.917291705608,2719.164554752349,1429.2162995717983,928.9052584075749,52.6
sdguthrie,BUKIT PUTERI (SOU 10),Malaysia,4196.726572474472,2936.1089363295387,1910.6586635391802,1801.9719125239296,65.1
sdguthrie,SERI INTAN (SOU 5),Malaysia,3526.895002607812,2185.802000184619,1822.911120241734,1193.7953511624064,83.4
sdguthrie,BUKIT BENUT (SOU 22),Malaysia,3362.6073784355985,2511.934250720927,2242.4110067660613,2007.9135047131606,89.3
sdguthrie,SELABA (SOU 5),Malaysia,2584.462195718411,2235.93899527797,1427.9372507418195,820.0037413353723,63.9
sdguthrie,FLEMINGTON (SOU 4),Malaysia,3404.4136502237748,1941.3429227862587,1307.5381045523234,399.9392636691823,67.4
sdguthrie,KERDAU (SOU 11),Malaysia,1647.9445635438576,1368.3539315572261,304.47820931734407,217.72512219603738,22.3
sdguthrie,KOK FOH (SOU 16),Malaysia,3712.525605772947,2539.3579666661285,957.4252202246996,791.0847795121517,37.7
sdguthrie,LABU (SOU 13),Malaysia,2180.441791954513,1379.6901699542414,528.3035764776901,414.7012573220274,38.3
sdguthrie,SUA BETONG (SOU 15),Malaysia,2474.926273043789,1153.7149690421775,716.5678621129077,484.05754173923924,62.1
sdguthrie,MELALAP (SOU 27),Malaysia,1422.6662468893346,1106.2926188807855,190.41324163622716,147.89171494543552,17.2
sdguthrie,HADAPAN (SOU 24),Malaysia,3082.8411423274933,2203.8286512791524,1787.9965778397282,427.5913007723058,81.1
sdguthrie,CHERSONESE (SOU 2),Malaysia,1070.4777650677463,744.6341295656913,327.95407157812053,250.2877587792628,44.0
sdguthrie,PEKAKA (SOU 34),Malaysia,5834.734247335475,4738.539948357646,4112.524618071758,4103.690293249929,86.8
sdguthrie,LAVANG (SOU 31),Malaysia,4377.154015913366,3459.2621959636335,3119.778375833585,3114.8703100525877,90.2
sdguthrie,RAJAWALI (SOU 32),Malaysia,6272.689963766055,4553.450053559216,3908.400144211481,3793.3599337558253,85.8
sdguthrie,DERAWAN (SOU 33),Malaysia,6496.434252455896,4009.5513734634605,3679.614703771911,3614.8651347203295,91.8
sdguthrie,ULU REMIS (SOU 23),Malaysia,2444.9951329170226,1801.3890926459544,1683.8923500917992,753.0452794069171,93.5
sdguthrie,"RANTAU PANJANG POM, PT GPI",Indonesia,4202.671067881744,3120.2003510581826,294.83455392338476,286.352545481102,9.4
sdguthrie,KEMPAS (SOU 17),Malaysia,3360.0624601993413,2766.244785076437,1890.2942011803975,1114.3172269744325,68.3
sdguthrie,PAGOH (SOU 19),Malaysia,2553.398969546644,1708.849769343493,728.3514354797849,175.28411654382944,42.6
sdguthrie,SEPANG (SOU 09A),Malaysia,2298.427304715821,1308.4965230893856,812.1893341522295,504.9094190239907,62.1
sdguthrie,MOSTYN (SOU 30B),Malaysia,5148.5749611254405,4487.493278563138,4254.690332005363,4052.8133907323377,94.8
sdguthrie,ERAP / MARKHAM FAMRING ,Papua New Guinea,1399.8873800162808,628.8479281901728,7.372538231313229,0.0,1.2
sdguthrie,TAMIANG POM,Indonesia,3138.2965833592543,2828.8791828088906,956.6559063276825,409.0062391518961,33.8
musimmas,BATANG KULIM,Indonesia,5997.684550504706,4981.2017513225765,3740.0577686731135,3427.8238798726134,75.1
musimmas,AGROWIRATAMA,Indonesia,4504.488988451389,2657.775362023828,1837.6547434561103,1258.363786668579,69.1
musimmas,SUKAJADI SAWIT MEKAR 1,Indonesia,1189.3336479750944,891.9895539195517,40.45913963721079,31.441293843090534,4.5
musimmas,SUKAJADI SAWIT MEKAR 2,Indonesia,1115.7849054546552,1006.4726590429452,47.46409750741486,46.749544866499946,4.7
musimmas,MAJU ANEKA SAWIT,Indonesia,1192.1469482396096,926.7907137253704,60.096983304473696,46.96764463022643,6.5
musimmas,BERKAT SAWIT SEJATI,Indonesia,5001.664062326287,2887.8735257699495,1540.148724661154,714.0013674862242,53.3
musimmas,UNGGUL LESTARI,Indonesia,2136.464037117182,1946.759682110244,230.40260509845672,216.64066031274257,11.8
musimmas,SIRINGO RINGO,Indonesia,3553.3688650897843,3299.9750338253734,1108.3307840917341,561.2065678893349,33.6
musimmas,GUNTUNG IDAMAN NUSA 1,Indonesia,2078.797050204462,1468.0771620238536,861.5085348991489,847.7413633821344,58.7
musimmas,BAHANA NUSA INTERINDO,Indonesia,2304.990696610126,1966.4819814167774,870.3758364263118,490.4053938910365,44.3
musimmas,GUNTUNG IDAMAN NUSA 2,Indonesia,4533.547906058237,1993.6230160775433,1444.741040267109,1355.8800596148362,72.5
musimmas,MULTI PERSADA GATRA MEGAH,Indonesia,1177.3561253235966,1111.1348359027038,33.87855550646782,28.425836645066738,3.0
musimmas,SINAR AGRO RAYA,Indonesia,4744.1059455799095,2703.447069422171,2382.4709623893104,1750.4099574746458,88.1
musimmas,INDOMAKMUR SAWIT BERJAYA,Indonesia,4558.754691779212,3817.55379256054,156.68016724268008,0.0,4.1
musimmas,SARANA ESA CITA,Indonesia,2115.339499806211,1785.0776933013221,55.23575322636787,52.64388075032655,3.1
musimmas,GLOBALINDO ALAM PERKASA PALM OIL MILL,Indonesia,1137.5134632028437,1018.7045875058163,8.84106020629406,7.144237786531448,0.9
musimmas,PT. LESTARI ABADI PERKASA,Indonesia,2823.7926789724447,2773.715795231977,11.884648144245148,10.454918138682842,0.4
musimmas,AGRO PALINDO SAKTI,Indonesia,2894.418540015246,2101.9360160046344,532.9390168567792,358.88824017775414,25.4
ioi,PAMOL SABAH,Malaysia,2789.916613209339,1575.1399821524233,1219.3514290501962,1133.2627328920014,77.4
ioi,GOMALI,Malaysia,4408.893368784718,2182.658504180113,752.4290045185415,597.7303852885962,34.5
ioi,PAMOL KLUANG,Malaysia,2041.104719321742,1247.3807514339096,1046.2852433491857,681.4875272675472,83.9
ioi,SAKILAN,Malaysia,4701.470249800867,3759.9223546824333,3570.7156013693593,3283.4747747318415,95.0
ioi,BATURONG,Malaysia,3569.980258755816,2976.3337873542127,2901.5498041869373,2857.718563804118,97.5
ioi,BUKIT LEELAU,Malaysia,3892.939693723181,3554.7713495928338,2107.0217253580117,2105.1472840770507,59.3
ioi,MAYVIN,Malaysia,6062.71089732409,2295.1987817373342,2242.26226878581,2241.995340962386,97.7
ioi,PUKIN,Malaysia,781.9670921346701,387.4260713870035,196.69284221477372,191.06685998238189,50.8
ioi,SYARIMO,Malaysia,12317.757444139772,9808.038802661516,9611.851353738552,9586.746062342172,98.0
ioi,LADANG SABAH,Malaysia,6245.563603089899,5521.145857678354,5406.548201132931,5317.479709822643,97.9
ioi,LEEPANG,Malaysia,9414.265494681013,7499.919079399927,7416.319782042941,7398.343918928942,98.9
ioi,MORISEM,Malaysia,7432.295814562846,6138.268207210913,6068.141957927361,6067.60798932971,98.9
ioi,UNICO,Malaysia,5023.929491021779,3943.054121202377,3781.6539213158926,3533.5843100931133,95.9
ioi,UNICO DESA,Malaysia,4510.6002940225735,3935.700407824505,3861.186299558218,3833.2397044109657,98.1
ioi,SUKSES KARYA SAWIT,Indonesia,1191.9694611075363,1079.943841415117,1.9644784182310104,1.7858870476484299,0.2
klk,KEKAYAAN PALM OIL MILL,Malaysia,5236.353968246072,2490.4117451005704,2397.730308568887,1855.2659788860121,96.3
klk,BORNION,Malaysia,6767.920026266374,4799.711864147056,4611.155728586368,4501.1020586605155,96.1
klk,RIMMER,Malaysia,5045.094493971251,4653.535601746484,4502.117580898983,4438.968693734094,96.7
klk,LUNGMANIS,Malaysia,5646.766765598053,5331.8317361905,5268.077415704201,5257.588876018629,98.8
klk,JERAM PADANG,Malaysia,2701.0294375389776,1748.7376610788647,443.04505178846574,351.8477428869289,25.3
klk,MANDAU,Indonesia,1087.155295586171,858.1312138273141,621.8756224553368,476.5830927654513,72.5
klk,PINANG,Malaysia,3319.073917859641,2115.3797288831547,2016.1889903902716,1973.3503843075505,95.3
klk,MILL 2,Malaysia,3964.650035484271,2128.5135627289037,2026.4589418883706,1946.8805344046912,95.2
klk,TAPUNG KANAN,Indonesia,1668.2317758918368,1535.9996102887046,1241.7467684923429,1214.750961872818,80.8
klk,TANJONG MALIM,Malaysia,2315.609907530626,1944.0929065062141,393.4084995081612,263.86407941641176,20.2
klk,BATU LINTANG,Malaysia,3068.066655916721,2452.344263728314,1705.8055339131286,582.0346782739255,69.6
klk,TUAN MEE,Malaysia,2454.2352617145857,1826.4977540329976,896.88686672864,395.0511016920209,49.1
klk,CHANGKAT CHERMIN,Malaysia,4120.380148841157,2587.117136139554,2405.1662653783956,1436.064337145756,93.0
klk,NILO 1,Indonesia,3123.8635454568066,1833.5696397969532,192.87970651391092,122.97629110295983,10.5
klk,NILO 2,Indonesia,1898.1949136108776,1331.2628802404981,47.20095343142748,37.18858049064875,3.5
klk,KUALA PERTANG,Malaysia,2584.328832716305,2286.785616025095,340.66600523255033,280.15863872430486,14.9
klk,STEELINDO WAHANA PERKASA,Indonesia,4852.618034818111,2828.644290005079,1441.066432249487,1400.6590910248015,50.9
klk,PALOH KKS,Malaysia,5255.185956073487,3670.800990536986,3427.1011011993774,2860.098852868437,93.4
klk,PADANG BRAHRANG,Indonesia,794.7348621195448,692.517007540546,556.5604228091006,257.4493282315486,80.4
klk,BERAU,Indonesia,3449.8649392424286,3418.010113824261,18.887580311941168,17.279536030339262,0.6
klk,PARIT SEMBADA,Indonesia,3597.528579557391,1501.4508457900556,837.2332853844939,826.2188860476896,55.8
klk,JABON,Indonesia,2653.4614750423607,2645.0596816167536,5.558196926204597,5.558196926204597,0.2
klk,STABAT,Indonesia,2153.615808194968,1345.325128313227,741.5267390841947,508.3944477250471,55.1
klk,KARYA MAKMUR ABADI,Indonesia,1266.35624122962,1071.9213393932175,58.97478080584722,56.11580399467664,5.5
klk,SATU SEMBILAN DELAPAN,Indonesia,2529.6248890136894,2401.7679697806343,9.469579264521599,9.112218245863914,0.4
klk,MULIA AGRO PERMAI,Indonesia,927.33320051375,657.1762025017656,26.389880137671444,20.405632006157845,4.0
klk,TANJUNG KELILING PALM OIL MILL,Indonesia,1082.7773604930933,973.2609342849139,448.18751248606264,291.10822359659505,46.1
klk,MILL 1,Malaysia,3912.433499892807,2079.2041453290217,1978.0084342549235,1896.6611893209456,95.1
klk,PT KARYA MAKMUR ABADI,Indonesia,3193.5083531411383,3053.9469734840536,76.05900760301772,58.27889369734946,2.5
klk,PUTRA BONGAN JAYA,Indonesia,1538.9201631630365,1495.2028582476225,43.53395199775696,41.29916816204786,2.9
bumitama,PUNDU NABATINDO,Indonesia,4589.69756111127,2891.6101414677273,565.7476611645197,546.571575467493,19.6
bumitama,GUNUNG MAKMUR,Indonesia,5137.179335746169,3447.0752909371067,905.4910399938037,859.2071853695837,26.3
bumitama,KENDAWANGAN,Indonesia,1700.0867285563857,1217.2413215280462,12.236484326422215,10.986028276383877,1.0
bumitama,KOTAWARINGIN,Indonesia,1781.5041031711614,1402.86231665027,139.03958092913328,105.5610477714854,9.9
bumitama,BUKIT TUNGGAL JAYA,Indonesia,1397.1850575029289,1200.325292485748,24.14763213016239,15.5684935084745,2.0
bumitama,SUKADAMAI,Indonesia,1389.7891619564573,1109.160425405087,572.5079567406691,58.11991374028079,51.6
bumitama,PEMBANGUNAN RAYA,Indonesia,105.38944294433618,81.00688739866018,12.235979475080967,12.057354338467121,15.1
bumitama,KATARI AGRO,Indonesia,2301.6345901168934,1896.7321162689548,165.57387893197,158.60528622117698,8.7
bumitama,BUKIT MAKMUR,Indonesia,1236.5288228445334,1182.5964826455597,209.2291230736994,191.42918355336377,17.7
bumitama,SUNGAI RASAU,Indonesia,526.9240702162577,461.8037257048138,21.02093230015507,17.626475704972652,4.6
bumitama,LAMANDAU,Indonesia,2142.4834538736927,1961.694187924412,78.74143471165614,55.75753747984474,4.0
bumitama,SUNGAI CEMPAGA,Indonesia,2830.3911729005126,1524.476890716512,237.07129226955126,234.12256772401284,15.6
bumitama,BUKIT BELABAN JAYA,Indonesia,2551.5410208089024,2306.9488308637456,434.85511945900964,334.91821101287417,18.8
bumitama,TONAM RAYA,Indonesia,2858.9943099323264,1649.410590903958,330.311758118079,293.51192204873354,20.0
astraagro,AGRO NUSA ABADI,Indonesia,2437.143473541017,2370.154052015994,112.65235584229231,69.59263675659895,4.8
astraagro,BORNEO INDAH MARJAYA,Indonesia,1042.6236115348345,989.6298006720987,23.50978953066994,17.61307195994784,2.4
astraagro,LETAWA,Indonesia,4405.758493697241,3804.3516828221427,3521.594422614457,3419.9758277444857,92.6
astraagro,PASANGKAYU,Indonesia,3385.1335517185103,3011.549340965089,1959.912562767431,1799.478942992553,65.1
astraagro,SURYARAYA LESTARI 2,Indonesia,1209.4536862693983,1058.8472776974534,399.4649247154301,189.4326297277913,37.7
astraagro,GUNUNG SEJAHTERA DUA INDAH,Indonesia,5080.663402225755,1878.6352854331915,1634.6774979359382,1632.3551060832017,87.0
astraagro,PERKEBUNAN LEMBAH BHAKTI 1,Indonesia,2881.811415762674,1851.3788955468453,1539.251293388767,1340.2079482543406,83.1
astraagro,GUNUNG SEJAHTERA PUTI PESONA,Indonesia,4178.373012175538,2591.1050783585965,1492.3006104481867,1467.0811542622603,57.6
astraagro,GUNUNG SEJAHTERA IBU PERTIWI,Indonesia,6806.003901045584,3707.6601950251898,3375.278592627072,3360.20993625399,91.0
astraagro,SUBUR AGRO MAKMUR,Indonesia,270.019244843825,182.96672678116488,6.251383528113365,6.251383528113365,3.4
astraagro,TUNGGAL PERKASA PLANTATIONS,Indonesia,3805.9647034988766,3209.1212799321784,1666.5313328316697,1610.6093392316623,51.9
astraagro,KIMIA TIRTA UTAMA,Indonesia,1912.842246270853,1045.921394218154,697.3764331740787,486.10304976479676,66.7
astraagro,SAWIT ASAHAN INDAH,Indonesia,2650.3763493069478,2171.551559565581,1235.8448001238935,486.45856914669275,56.9
astraagro,EKA DURA INDONESIA,Indonesia,2524.190768216904,2309.112118890121,2162.6488956312337,1939.7691713594047,93.7
astraagro,WARU KALTIM PLANTATION,Indonesia,1813.837381779211,1502.3036246820695,448.543871931089,409.6821495876885,29.9
astraagro,SURYARAYA LESTARI 1,Indonesia,1641.027510224687,1477.9347890907932,1092.1592848063392,646.3451104981058,73.9
astraagro,SARI ADITYA LOKA 1,Indonesia,5622.681051755608,5411.578187884652,728.871764748412,181.2841195911169,13.5
astraagro,ASTRA AGRO LESTARI 1,Indonesia,2591.7101734624657,1891.7093251228337,435.41380436484724,433.8949848613611,23.0
astraagro,KARYA TANAH SUBUR,Indonesia,2067.265429070393,1956.6902292735142,41.5642642471428,3.7070446819067002,2.1
astraagro,SUMBER KHARISMA PERSADA,Indonesia,442.8614244728517,420.67187092242864,47.872482574862595,44.118386595827694,11.4
astraagro,NIRMALA AGRO LESTARI,Indonesia,1993.321662129026,1951.275270471327,54.87571945877052,46.03107754976726,2.8
astraagro,SARI LEMBAH SUBUR 1,Indonesia,4209.359276369385,3908.991272040179,3281.3504547141047,1096.2138193815656,83.9
astraagro,SURYA INDAH NUSANTARA PAGI,Indonesia,1250.411131427879,365.46732660388824,291.5413934388289,287.1448441420992,79.8
astraagro,SUKSES TANI SUBUR,Indonesia,2949.7476840717186,1987.898329977896,1316.4295868778345,1282.1101415062067,66.2
astraagro,SARI LEMBAH SUBUR 2,Indonesia,2904.4328407696657,2668.6359528166677,1276.9008815594746,629.7350897694919,47.8
astraagro,LESTARI TANI TELADAN,Indonesia,3769.011914622381,3332.470251141226,2086.1705202523704,2031.1427603352893,62.6
astraagro,KARYANUSA EKA DAYA 1,Indonesia,781.4552321486437,737.475857444838,25.052135681755402,20.842377863882803,3.4
astraagro,SARI ADITYA LOKA 2,Indonesia,3771.449519722528,3253.4786403297185,821.698713143316,179.49836356356445,25.3
astraagro,PERKEBUNAN LEMBAH BHAKTI 2,Indonesia,1856.164366010768,1639.2180058568424,149.86810446317295,45.20527769207371,9.1
astraagro,LARAS ASTRA KARTIKA,Indonesia,1777.0858015153112,908.261732449105,250.93121900987975,221.32399757951498,27.6
astraagro,KARYANUSA EKA DAYA 2,Indonesia,865.02743978944,832.7370897677891,16.625887669622898,16.2683387696743,2.0
astraagro,CAKUNG PERMATA NUSA,Indonesia,1322.2966967458008,1019.2551483463716,88.80021567642689,61.37394945323467,8.7
astraagro,SAWIT JAYA ABADI,Indonesia,2259.284012872067,1973.3207232803989,6.43292198330164,3.484543062746525,0.3
astraagro,TRIBUANA MAS,Indonesia,719.2980490989025,596.5371233154746,7.39427862932869,7.23635111421931,1.2
genting,GENTING AYER ITEM,Malaysia,2748.994750585263,2030.168604032374,1371.6749923017392,35.71705103323739,67.6
genting,GENTING INDAH,Malaysia,1431.5560962645543,879.4526394670208,172.62150269735093,167.10276728856797,19.6
genting,GENTING JAMBONGAN,Malaysia,1004.4626620323736,645.0804906392215,17.441850346823536,17.353041713436447,2.7
genting,GENTING MEWAH,Malaysia,6302.849994771569,3951.667764831874,3715.414483142132,3711.854536575312,94.0
genting,MULIA,Indonesia,3118.3876076640445,3043.069764269857,17.00464293790214,11.463535126868416,0.6
genting,GENTING SABAPALM,Malaysia,3143.441529234625,1917.1068176341405,1538.849437111996,1372.7801313259145,80.3
genting,GENTING TANJUNG,Malaysia,10178.805369670354,8722.414197980072,8639.771990317517,8637.40237445919,99.1
genting,DWIE WARNA KARYA,Indonesia,982.8105739783288,929.1326148272731,30.21335280686617,28.693761363625526,3.3
genting,GENTING TRUSHIDUP,Malaysia,5129.0094723027805,4041.30494092548,3860.119403773137,3812.154267207869,95.5
genting,KHARISMA INTI USAHA,Indonesia,567.4728410908026,511.1506981650988,89.97091539005439,87.82821432302396,17.6
genting,ASIATIC SABAPALM,Malaysia,1339.1280297173264,928.8501403457688,773.1055051306591,745.518462172326,83.2
genting,SEPANJANG INTI SURYA UTAMA 2,Indonesia,2146.714742773349,2025.288146534826,34.05723734200001,25.028931885957718,1.7
genting,GLOBALINDO AGUNG LESTARI,Indonesia,1992.5309594719504,1102.8384540836312,7.19168784039862,6.698214948177338,0.7
genting,AGRO ABADI CEMERLANG ,Indonesia,2967.535313381752,2871.652632974966,157.15828815847635,122.83020838350058,5.5
genting,KAPUAS MAJU JAYA/GEMILANG OIL MILL,Indonesia,1308.7189834068126,1286.3931306048062,8.580892235040665,6.971982389688492,0.7
sipef,HARGY MILL,Papua New Guinea,916.3770616687956,789.3812677327619,499.3763858539801,280.05041916458043,63.3
sipef,BUKIT MARADJA,Indonesia,2548.609222793648,1637.6210830576854,1145.5943475858826,986.4654958176263,70.0
sipef,PERLABIAN,Indonesia,3004.160126920699,2665.9547810788827,1795.2660729441864,516.893750538487,67.3
sipef,NAVO MILL,Papua New Guinea,2944.470289433917,2421.481906408918,653.6061186519617,427.64153200387955,27.0
sipef,MUKOMUKO POM,Indonesia,1814.440691101886,1392.4845519162268,470.3769947421316,67.92397064847106,33.8
sipef,BUNGA TANJUNG,Indonesia,2322.8980275926497,1279.0418313432854,855.3849958367499,506.0304908575089,66.9
sipef,BAREMA PALM OIL MILL,Papua New Guinea,1337.4450698974051,1293.7371341247767,539.8878431705574,103.70248491410531,41.7
sipef,UMBUL MAS WISESA,Indonesia,1363.4908334276438,512.1229312543484,249.9522591296072,209.39580204220962,48.8
sipef,SOUBRE,Côte d'Ivoire,2208.2762458890047,1382.9213908180304,654.8699073057841,383.267659241224,47.4
sipef,DENDYMARKER,Indonesia,6392.584523761104,5174.314196731386,1656.5508624145214,1644.2141879722476,32.0
sipef,BOLO,Côte d'Ivoire,2488.119912205164,2189.3906414222474,934.4426251938534,579.3982353435139,42.7
firstresources,ARINDO TRI SEJAHTERA,Indonesia,2086.6433898582577,1575.1495062115737,1442.028999169785,951.2181209620306,91.5
firstresources,MERIDAN SEJATI SURYA PLANTATION,Indonesia,6883.006222816484,2515.647032319595,2313.6713987025573,1804.6899067096265,92.0
firstresources,CILIANDRA PERKASA,Indonesia,6231.16204270112,5505.67109135451,2425.431305639446,2388.689154803753,44.1
firstresources,SURYA INTISARI RAYA,Indonesia,3117.36606872378,2039.6535537985037,1454.9541761916648,1268.7548682301651,71.3
firstresources,PT SUBUR ARUMMAKMUR,Indonesia,1959.184571614668,1650.5912602985607,1623.078439598662,1560.755731295546,98.3
firstresources,PERDANA INTI SAWIT PERKASA 1,Indonesia,3917.177580829938,3639.7406967175075,2985.928054980846,2879.9414434642185,82.0
firstresources,MURINI WOOD INDAH INDUSTRI,Indonesia,2866.7162660587715,2327.945544063432,1383.3784792500383,1159.0266964882612,59.4
firstresources,SWADAYA MUKTI PRAKARSA,Indonesia,1613.840313894097,1519.1004079262996,776.9412810599396,766.5557286195019,51.1
firstresources,MERIDAN SEJATI SURYA PLANTATION BANGSAL ACEH,Indonesia,1346.8140204000383,1118.4290573718201,168.95414343166584,6.880612626671791,15.1
firstresources,TAMBUSAI,Indonesia,3130.760339134429,2927.095073915376,2475.516334473941,2439.700035987181,84.6
firstresources,SUBUR ARUM MAKMUR II,Indonesia,159.07831098170868,116.75747483632729,91.91848453549193,76.15486262738705,78.7
firstresources,LIMPAH SEJAHTERA,Indonesia,1113.0193917680826,938.3267067838824,217.97560813257508,135.1095813587308,23.2
firstresources,PERDANA INTI SAWIT PERKASA 2,Indonesia,512.6329948681627,475.42252329567486,9.653028808534145,2.681336909532547,2.0
firstresources,KETAPANG AGRO LESTARI,Indonesia,1112.0962025550275,1082.930738255177,25.207543045282364,22.525894291698933,2.3
firstresources,UMEKA SARI PRATAMA,Indonesia,2608.7431075731333,2569.144625172108,77.19774875795724,68.97881371533754,3.0
firstresources,SURYA DUMAI AGRINDO MILL,Indonesia,1432.029021854766,1388.7170674930007,15.742421772111864,6.345599591732025,1.1
