company,mill_name,lat,lon,spearman_rho,spearman_p,precision,recall,iou,n_tiles
wilmar,SABAHMAS,5.179162,118.405246,0.061,0.01223,0.234,0.243,0.135,1681
wilmar,SAREMAS 1,3.524921,113.744412,0.243,0.0,0.143,0.375,0.116,1681
wilmar,SAREMAS 2,3.450453,113.765561,0.169,0.0,0.136,0.265,0.099,1681
wilmar,TERUSAN,5.831514,117.340459,-0.192,0.0,0.033,0.168,0.029,1681
wilmar,SAPI,5.733519,117.387404,0.076,0.00175,0.102,0.367,0.087,1681
wilmar,REKA HALUS,5.766708,117.463737,0.159,0.0,0.136,0.416,0.114,1681
wilmar,MUSTIKA SEMBULUH 1,-2.5905,112.511283,0.338,0.0,0.047,0.325,0.042,1681
wilmar,KERRY SAWIT INDONESIA 1,-2.784633,112.509533,0.224,0.0,0.036,0.347,0.034,1681
wilmar,RIBUBONUS,5.686858,117.09226,-0.075,0.00215,0.024,0.151,0.021,1681
wilmar,SRI KAMUSAN,6.203802,117.291189,0.191,0.0,0.047,0.353,0.043,1681
wilmar,PINANG AWAM,1.842826,100.203138,0.22,0.0,0.165,0.299,0.119,1681
wilmar,KENCANA SAWIT INDONESIA,-1.46778,101.514439,0.22,0.0,0.373,0.301,0.2,1681
wilmar,BURNAI TIMUR,-3.627,104.869467,0.21,0.0,0.147,0.45,0.124,1681
wilmar,SARANA TITIAN PERMATA PKS 1,-2.894444,112.543611,0.272,0.0,0.04,0.374,0.038,1681
wilmar,AMP PLANTATION,-0.154717,100.029167,0.124,0.0,0.069,0.308,0.059,1681
wilmar,DABUK REJO,-3.948633,104.957367,0.019,0.43646,0.155,0.374,0.123,1681
wilmar,BUMI SAWIT KENCANA,-2.230183,112.49125,0.189,0.0,0.021,0.27,0.02,1681
wilmar,BENSO OIL PALM PLANTATION OIL MILL,5.110717,-1.913683,0.013,0.58517,0.184,0.321,0.132,1681
wilmar,DAYA LABUHAN INDAH 2,2.2861111,100.140833,0.273,0.0,0.164,0.484,0.139,1681
wilmar,GERSINDO MINANG PLANTATION,0.120549,99.718255,0.203,0.0,0.144,0.486,0.125,1681
wilmar,MENTAYA SAWIT MAS,-2.16469,112.56942,0.187,0.0,0.041,0.326,0.038,1681
wilmar,RIMBA HARAPAN SAKTI,-2.835778,112.57178,0.269,0.0,0.05,0.511,0.048,1681
wilmar,SUBURMAS,3.525253,113.357533,0.361,0.0,0.189,0.504,0.159,1681
wilmar,KARUNIA KENCANA PERMAI SEJATI,-2.23985,112.63045,0.287,0.0,0.046,0.347,0.042,1681
wilmar,SELABU,-2.627033,103.818533,0.186,0.0,0.173,0.273,0.119,1681
wilmar,AGROINDO INDAH PERSADA 1,2.778667,99.393433,0.273,0.0,0.1,0.431,0.088,1681
wilmar,BUMI PRATAMA KHATULISTIWA,-0.022183,109.424883,0.258,0.0,0.084,0.286,0.069,1681
wilmar,SINAR SIAK DIAN PERMAI,0.449367,101.621217,0.164,0.0,0.162,0.278,0.114,1681
wilmar,SIAK PRIMA SAKTI,0.651217,101.75405,0.105,2e-05,0.075,0.286,0.063,1681
wilmar,MURINI SAM-SAM PELINTUNG,1.6525,101.6381,0.046,0.06137,0.021,0.206,0.019,1681
wilmar,AGRONUSA INVESTAMA 2 - PAHAUMAN,0.275303,109.731414,-0.009,0.7006,0.088,0.212,0.066,1681
wilmar,SINAR PERDANA CARAKA,1.69192,100.55849,0.252,0.0,0.14,0.453,0.119,1681
wilmar,BULUH CINA,1.76856,100.493594,0.184,0.0,0.113,0.312,0.091,1681
wilmar,AEK BATU,1.850583,100.1457,0.072,0.00328,0.098,0.249,0.075,1681
wilmar,AGROINDO INDAH PERSADA 2,-1.963888,102.301111,0.186,0.0,0.226,0.229,0.128,1681
wilmar,AGROINDO INDAH PERSADA 3,-4.010267,102.496717,0.132,0.0,0.149,0.299,0.11,1681
wilmar,MURINI SAM-SAM KANDIS,1.060361,101.239417,0.135,0.0,0.093,0.371,0.081,1681
wilmar,KERRY SAWIT INDONESIA 2,-2.69695,112.483083,0.304,0.0,0.043,0.404,0.04,1681
wilmar,AGRO PALINDO SAKTI 2,0.303,110.195959,-0.049,0.04612,0.111,0.186,0.075,1681
wilmar,MUSTIKA SEMBULUH 2,-2.4571,112.49973,0.21,0.0,0.054,0.318,0.048,1681
wilmar,DAYA LABUHAN INDAH I,2.151167,99.991167,0.075,0.00214,0.13,0.382,0.107,1681
wilmar,SARANA TITIAN PERMATA PKS 2,-2.90454553961,112.612766,0.183,0.0,0.08,0.412,0.072,1681
wilmar,AGRONUSA INVESTAMA 3 - SAMBAS,1.42149,109.53715,0.387,0.0,0.094,0.436,0.084,1681
wilmar,CALARO,5.291084,8.298471,0.128,0.0,0.051,0.279,0.045,1681
wilmar,EYOP INDUSTRIES LTD,5.11551667,8.569869,0.053,0.03058,0.111,0.211,0.078,1681
gar,UJUNG TANJUNG,0.969733,101.26075,0.061,0.01213,0.073,0.343,0.064,1681
gar,LIBO,0.928611,101.206389,0.107,1e-05,0.043,0.326,0.04,1681
gar,SAM-SAM,0.9375,101.3002,0.147,0.0,0.079,0.344,0.069,1681
gar,SEKIJANG,0.833933,101.044283,0.338,0.0,0.315,0.312,0.186,1681
gar,NAGA SAKTI,0.7827,101.049567,0.429,0.0,0.385,0.309,0.207,1681
gar,RAMARAMA,0.533494,101.076381,0.224,0.0,0.192,0.442,0.154,1681
gar,BUMI PALMA,-0.598056,102.983333,-0.02,0.41175,0.055,0.197,0.045,1681
gar,INDRA SAKTI,-0.5692,102.305851,0.061,0.01304,0.091,0.169,0.063,1681
gar,PADANG HALABAN,2.319167,99.839444,0.251,0.0,0.179,0.383,0.139,1681
gar,LANGGA PAYUNG PALM OIL MILL,1.654444,99.886944,0.166,0.0,0.093,0.294,0.076,1681
gar,BATU AMPAR,-3.1981,116.0219,0.199,0.0,0.11,0.241,0.082,1681
gar,TANAH LAUR,-3.790278,115.283056,0.227,0.0,0.069,0.28,0.059,1681
gar,HANAU,-2.360861,112.109694,0.248,0.0,0.183,0.361,0.138,1681
gar,SUNGAI RUNGAU,-2.3206,112.334,0.286,0.0,0.092,0.539,0.085,1681
gar,SEMILAR,-2.248111,112.340417,0.244,0.0,0.045,0.544,0.043,1681
gar,SUNGAI BUAYA,-4.128611,105.438839,0.191,0.0,0.228,0.474,0.182,1681
gar,SUNGAI MERAH,-4.218444,105.588769,0.192,0.0,0.185,0.506,0.157,1681
gar,JELATANG,-2.072222,102.485833,-0.003,0.91365,0.1,0.157,0.065,1681
gar,LANGLING,-2.100833,102.374444,0.068,0.0052,0.157,0.234,0.104,1681
gar,MASKAPAI PERKEBUAN LEIDONG WEST,-1.901389,105.476389,0.239,0.0,0.351,0.293,0.19,1681
gar,TANJUNG KEMBIRI,-3.0324871,107.770416,0.188,0.0,0.034,0.209,0.03,1681
gar,BUMI SAWIT,-3.5257,104.3443,0.305,0.0,0.143,0.321,0.11,1681
gar,PANGKALAN PANJI,-2.948531,104.466511,0.079,0.00117,0.048,0.191,0.04,1681
gar,MUARA KANDIS,-2.900278,103.1775,0.335,0.0,0.275,0.373,0.188,1681
gar,PEKAWAI,-1.521222,110.458915,0.008,0.7461,0.027,0.186,0.024,1681
gar,KENANGA PALM OIL MILL,-2.1404,110.5158,0.138,0.0,0.086,0.331,0.074,1681
gar,SUNGAI BENGKAL,-1.590556,102.61,0.033,0.17636,0.104,0.197,0.073,1681
gar,BUKIT PERAK,-1.820147,105.5509042,0.022,0.35864,0.212,0.19,0.111,1681
gar,MUARA WAHAU,1.111161,117.023161,0.295,0.0,0.193,0.411,0.151,1681
gar,JAK LUAY,0.950833,116.915,0.347,0.0,0.113,0.434,0.098,1681
gar,PT BINASAWIT ABADI PRATAMA - PERDANA MILL,-2.422506,112.359586,0.225,0.0,0.052,0.379,0.048,1681
gar,BATU KAPUR,-2.942661,116.047451,0.185,0.0,0.096,0.202,0.07,1681
gar,BELIAN,0.487029,111.845392,0.068,0.00561,0.026,0.265,0.024,1681
gar,PERSADA GRAHA MANDIRI,0.400721,111.730713,0.051,0.03675,0.034,0.242,0.031,1681
gar,SUNGAI KIKIM,-3.633013,103.219098,0.106,1e-05,0.195,0.341,0.142,1681
gar,PELAKAR,-2.185278,102.642222,0.308,0.0,0.28,0.306,0.171,1681
gar,SENAKIN,-2.807667,116.186301,0.154,0.0,0.038,0.253,0.034,1681
gar,SUNGAI KUPANG,-3.053367,116.015417,0.124,0.0,0.107,0.246,0.081,1681
gar,KUAYAN,-1.970503,112.370324,0.144,0.0,0.022,0.289,0.021,1681
gar,TANGAR,-2.243602,112.299345,0.308,0.0,0.076,0.577,0.072,1681
gar,KAPUASINDO PALM INDUSTRY,1.019664,111.879215,0.002,0.92402,0.021,0.153,0.019,1681
gar,KASUARI,-2.973111,140.029917,-0.146,0.0,0.044,0.091,0.031,1681
gar,SUNGAI MAGALAU,-2.78526,116.1714,0.101,3e-05,0.044,0.252,0.039,1681
gar,JALEMO,-1.3482,113.5022,0.341,0.0,0.112,0.402,0.096,1681
gar,SAWITA,-2.546639,116.140667,0.184,0.0,0.118,0.267,0.089,1681
gar,SAKO,-2.0356,112.2387,0.16,0.0,0.051,0.265,0.045,1681
gar,SUNGAI AIR JERNIH,-2.086512,102.801493,0.07,0.00417,0.105,0.219,0.076,1681
gar,RANTAU PANJANG,0.97045,116.828096,0.377,0.0,0.083,0.426,0.075,1681
gar,GUNUNG KOMBENG,1.112055,117.02188,0.308,0.0,0.19,0.417,0.15,1681
gar,BANGUNG NUSA MANDIRI KENARI,-2.16516,110.92084,0.201,0.0,0.134,0.324,0.104,1681
sdguthrie,BINUANG (SOU 28),4.704457,118.060186,0.118,0.0,0.097,0.21,0.071,1681
sdguthrie,MEROTAI (SOU 30),4.369347,117.832905,0.208,0.0,0.166,0.371,0.13,1681
sdguthrie,SANDAKAN BAY (SOU 26),5.641362,118.166868,0.177,0.0,0.174,0.365,0.134,1681
sdguthrie,EAST (SOU 8),2.883333,101.436136,0.142,0.0,0.058,0.249,0.049,1681
sdguthrie,TANAH MERAH (SOU 14),2.655278,101.792778,0.132,0.0,0.079,0.325,0.068,1681
sdguthrie,SEGALIUD (SOU 25),5.726001,117.754574,0.186,0.0,0.166,0.296,0.119,1681
sdguthrie,WEST (SOU 9),2.905,101.361306,0.109,1e-05,0.047,0.281,0.042,1681
sdguthrie,SUNGAI DINGIN (SOU 1),5.39432,100.71117,0.232,0.0,0.156,0.419,0.129,1681
sdguthrie,YONG PENG (SOU 19A),2.058808,103.148394,0.166,0.0,0.148,0.319,0.113,1681
sdguthrie,BUKIT KERAYONG (SOU 7),3.186861,101.374889,0.132,0.0,0.091,0.357,0.078,1681
sdguthrie,JABOR (SOU 12),3.960833,103.308889,0.314,0.0,0.17,0.441,0.14,1681
sdguthrie,TENNAMARAM (SOU 6),3.395639,101.417614,0.174,0.0,0.066,0.295,0.057,1681
sdguthrie,GIRAM (SOU 29),4.586785,118.193914,0.338,0.0,0.27,0.284,0.161,1681
sdguthrie,GUNUNG MAS (SOU 21),2.243544,103.137941,0.255,0.0,0.216,0.334,0.151,1681
sdguthrie,DIAMOND JUBILEE (SOU 18),2.324247,102.482843,0.137,0.0,0.127,0.346,0.103,1681
sdguthrie,NORDANAL (SOU 19),2.183333,102.733333,0.106,1e-05,0.095,0.277,0.076,1681
sdguthrie,CHAAH (SOU 20),2.148725,102.973994,0.083,0.0007,0.07,0.255,0.058,1681
sdguthrie,ELPHIL (SOU 3),4.89058,101.093096,0.206,0.0,0.13,0.322,0.102,1681
sdguthrie,BUKIT PUTERI (SOU 10),4.202694,101.862639,0.178,0.0,0.162,0.378,0.128,1681
sdguthrie,SERI INTAN (SOU 5),3.969228,100.985558,0.122,0.0,0.1,0.296,0.081,1681
sdguthrie,BUKIT BENUT (SOU 22),1.931143,103.347365,0.114,0.0,0.176,0.399,0.139,1681
sdguthrie,SELABA (SOU 5),3.9889722,101.081278,0.162,0.0,0.131,0.356,0.106,1681
sdguthrie,FLEMINGTON (SOU 4),3.928056,100.857222,-0.016,0.50162,0.061,0.206,0.05,1681
sdguthrie,KERDAU (SOU 11),3.569444,102.278333,0.102,3e-05,0.049,0.212,0.042,1681
sdguthrie,KOK FOH (SOU 16),2.784667,102.504167,0.158,0.0,0.124,0.324,0.099,1681
sdguthrie,LABU (SOU 13),2.748889,101.8045,0.111,1e-05,0.061,0.263,0.052,1681
sdguthrie,SUA BETONG (SOU 15),2.52833,101.895278,0.124,0.0,0.072,0.35,0.063,1681
sdguthrie,MELALAP (SOU 27),5.230789,115.986263,-0.167,0.0,0.016,0.099,0.014,1681
sdguthrie,HADAPAN (SOU 24),1.76216,103.448669,0.229,0.0,0.08,0.234,0.063,1681
sdguthrie,CHERSONESE (SOU 2),4.978457,100.461902,0.113,0.0,0.045,0.344,0.041,1681
sdguthrie,PEKAKA (SOU 34),3.461379,113.654176,0.159,0.0,0.197,0.297,0.134,1681
sdguthrie,LAVANG (SOU 31),3.4283333,113.60028,0.22,0.0,0.157,0.306,0.116,1681
sdguthrie,RAJAWALI (SOU 32),3.372505,113.400597,0.308,0.0,0.258,0.393,0.184,1681
sdguthrie,DERAWAN (SOU 33),3.390203,113.345417,0.377,0.0,0.237,0.435,0.181,1681
sdguthrie,ULU REMIS (SOU 23),1.834444,103.4625,0.2,0.0,0.1,0.341,0.084,1681
sdguthrie,"RANTAU PANJANG POM, PT GPI",-2.916183,103.750833,0.069,0.00494,0.122,0.248,0.089,1681
sdguthrie,KEMPAS (SOU 17),2.243522,102.481386,0.132,0.0,0.187,0.394,0.146,1681
sdguthrie,PAGOH (SOU 19),2.077424,102.718519,0.121,0.0,0.089,0.314,0.075,1681
sdguthrie,SEPANG (SOU 09A),2.678486,101.731956,0.152,0.0,0.064,0.358,0.058,1681
sdguthrie,MOSTYN (SOU 30B),4.666954,118.203458,0.439,0.0,0.259,0.377,0.182,1681
sdguthrie,ERAP / MARKHAM FAMRING ,-6.58087,146.64222,-0.059,0.01487,0.016,0.17,0.014,1681
sdguthrie,TAMIANG POM,4.30555,98.0267,0.132,0.0,0.12,0.259,0.09,1681
musimmas,BATANG KULIM,0.077043,102.030838,0.018,0.45754,0.187,0.267,0.124,1681
musimmas,AGROWIRATAMA,0.198958,99.626589,0.087,0.00033,0.121,0.308,0.095,1681
musimmas,SUKAJADI SAWIT MEKAR 1,-2.381111,112.539722,0.324,0.0,0.047,0.292,0.042,1681
musimmas,SUKAJADI SAWIT MEKAR 2,-2.37025,112.6026111,0.315,0.0,0.049,0.316,0.045,1681
musimmas,MAJU ANEKA SAWIT,-2.478167,112.647611,0.349,0.0,0.046,0.319,0.042,1681
musimmas,BERKAT SAWIT SEJATI,-2.3192778,103.7116389,0.19,0.0,0.174,0.327,0.128,1681
musimmas,UNGGUL LESTARI,-1.5958444,112.598831,0.272,0.0,0.102,0.282,0.081,1681
musimmas,SIRINGO RINGO,2.1,99.77,0.018,0.46182,0.131,0.235,0.092,1681
musimmas,GUNTUNG IDAMAN NUSA 1,0.16161,103.289583,0.147,0.0,0.068,0.285,0.058,1681
musimmas,BAHANA NUSA INTERINDO,1.69686,100.701833,0.16,0.0,0.124,0.432,0.107,1681
musimmas,GUNTUNG IDAMAN NUSA 2,0.0530444,103.20761,0.143,0.0,0.059,0.173,0.046,1681
musimmas,MULTI PERSADA GATRA MEGAH,-0.770833,114.741222,-0.061,0.0129,0.029,0.156,0.025,1681
musimmas,SINAR AGRO RAYA,0.419917,101.756389,0.154,0.0,0.088,0.224,0.067,1681
musimmas,INDOMAKMUR SAWIT BERJAYA,0.93491,100.351975,0.278,0.0,0.165,0.272,0.115,1681
musimmas,SARANA ESA CITA,1.358028,109.383631,0.137,0.0,0.085,0.309,0.071,1681
musimmas,GLOBALINDO ALAM PERKASA PALM OIL MILL,-2.667978,112.772158,0.191,0.0,0.039,0.25,0.035,1681
musimmas,PT. LESTARI ABADI PERKASA,-1.7241,110.6734,0.202,0.0,0.15,0.34,0.116,1681
musimmas,AGRO PALINDO SAKTI,-2.711058889,104.3430056,0.191,0.0,0.118,0.35,0.096,1681
ioi,PAMOL SABAH,6.002431,117.398389,0.188,0.0,0.084,0.376,0.074,1681
ioi,GOMALI,2.611826,102.678656,0.192,0.0,0.1,0.293,0.081,1681
ioi,PAMOL KLUANG,2.110445,103.392307,0.191,0.0,0.069,0.36,0.062,1681
ioi,SAKILAN,5.839281,117.8437,0.254,0.0,0.172,0.333,0.128,1681
ioi,BATURONG,4.7553,118.0886,0.119,0.0,0.115,0.229,0.083,1681
ioi,BUKIT LEELAU,3.30273,103.137889,0.348,0.0,0.323,0.505,0.245,1681
ioi,MAYVIN,5.5553,117.226439,0.125,0.0,0.076,0.236,0.061,1681
ioi,PUKIN,2.72235,102.911,0.116,0.0,0.026,0.322,0.025,1681
ioi,SYARIMO,5.334037,117.781334,0.043,0.07645,0.273,0.2,0.131,1681
ioi,LADANG SABAH,5.729989,117.57775,0.192,0.0,0.24,0.306,0.156,1681
ioi,LEEPANG,5.549056,118.437595,0.149,0.0,0.268,0.261,0.152,1681
ioi,MORISEM,5.493525,118.370047,0.207,0.0,0.301,0.287,0.172,1681
ioi,UNICO,5.150056,118.222056,-0.003,0.90647,0.138,0.233,0.095,1681
ioi,UNICO DESA,5.4130889,118.529333,0.38,0.0,0.313,0.397,0.212,1681
ioi,SUKSES KARYA SAWIT,-2.801034,110.59375,0.234,0.0,0.112,0.519,0.102,1681
klk,KEKAYAAN PALM OIL MILL,2.204546,103.270394,0.337,0.0,0.176,0.399,0.139,1681
klk,BORNION,5.609,117.7899,0.095,0.0001,0.219,0.259,0.134,1681
klk,RIMMER,5.0193,118.5715,0.312,0.0,0.224,0.294,0.146,1681
klk,LUNGMANIS,5.08395,118.58825,0.283,0.0,0.209,0.297,0.14,1681
klk,JERAM PADANG,2.735111,102.4085,0.171,0.0,0.078,0.253,0.063,1681
klk,MANDAU,1.081944,101.333361,0.065,0.00797,0.052,0.317,0.047,1681
klk,PINANG,4.450414,118.278194,0.274,0.0,0.138,0.357,0.111,1681
klk,MILL 2,4.4550861,118.223825,0.34,0.0,0.134,0.342,0.107,1681
klk,TAPUNG KANAN,0.757222,101.219722,0.193,0.0,0.13,0.571,0.119,1681
klk,TANJONG MALIM,3.695,101.485667,0.164,0.0,0.065,0.223,0.053,1681
klk,BATU LINTANG,5.193591,100.62843,0.174,0.0,0.102,0.265,0.079,1681
klk,TUAN MEE,3.265156,101.463279,0.126,0.0,0.087,0.309,0.073,1681
klk,CHANGKAT CHERMIN,4.27527,100.78498,0.143,0.0,0.139,0.365,0.112,1681
klk,NILO 1,0.3480556,101.971667,-0.078,0.0014,0.077,0.274,0.064,1681
klk,NILO 2,0.3525,102.094722,-0.117,0.0,0.06,0.224,0.05,1681
klk,KUALA PERTANG,5.623056,102.238056,0.309,0.0,0.107,0.29,0.085,1681
klk,STEELINDO WAHANA PERKASA,-2.723503,108.062656,0.029,0.23307,0.115,0.271,0.088,1681
klk,PALOH KKS,2.211246,103.213124,0.344,0.0,0.225,0.405,0.169,1681
klk,PADANG BRAHRANG,3.5606,98.390547,0.011,0.65025,0.041,0.285,0.037,1681
klk,BERAU,2.2114,117.165867,0.401,0.0,0.173,0.296,0.122,1681
klk,PARIT SEMBADA,-2.739621,108.001782,0.01,0.69103,0.069,0.282,0.059,1681
klk,JABON,1.243126,118.338642,0.251,0.0,0.207,0.589,0.181,1681
klk,STABAT,3.759722,98.393056,0.161,0.0,0.083,0.39,0.074,1681
klk,KARYA MAKMUR ABADI,-2.0422611,112.4899694,0.283,0.0,0.057,0.296,0.05,1681
klk,SATU SEMBILAN DELAPAN,2.14256,117.298381,0.339,0.0,0.159,0.365,0.124,1681
klk,MULIA AGRO PERMAI,-2.43264,112.75315,0.249,0.0,0.033,0.332,0.031,1681
klk,TANJUNG KELILING PALM OIL MILL,3.511241,98.305888,0.131,0.0,0.064,0.368,0.057,1681
klk,MILL 1,4.4558944,118.222306,0.356,0.0,0.132,0.338,0.105,1681
klk,PT KARYA MAKMUR ABADI,-1.95718,111.49822,0.153,0.0,0.151,0.304,0.112,1681
klk,PUTRA BONGAN JAYA,-0.66961,116.331786,0.138,0.0,0.058,0.213,0.048,1681
bumitama,PUNDU NABATINDO,-1.993167,113.060706,0.128,0.0,0.105,0.262,0.081,1681
bumitama,GUNUNG MAKMUR,-1.761271,112.597416,0.277,0.0,0.145,0.251,0.101,1681
bumitama,KENDAWANGAN,-2.445833,110.265833,0.147,0.0,0.063,0.324,0.055,1681
bumitama,KOTAWARINGIN,-2.391111,111.373333,0.341,0.0,0.083,0.347,0.072,1681
bumitama,BUKIT TUNGGAL JAYA,-1.546404,110.344014,0.14,0.0,0.037,0.215,0.033,1681
bumitama,SUKADAMAI,0.68325,100.529233,0.377,0.0,0.108,0.48,0.096,1681
bumitama,PEMBANGUNAN RAYA,-2.546278,110.384971,0.024,0.32677,0.007,0.345,0.007,1681
bumitama,KATARI AGRO,-2.091944,113.033333,0.255,0.0,0.107,0.366,0.091,1681
bumitama,BUKIT MAKMUR,-1.567778,112.72111,0.191,0.0,0.064,0.348,0.057,1681
bumitama,SUNGAI RASAU,-2.283611,110.503333,0.181,0.0,0.031,0.333,0.029,1681
bumitama,LAMANDAU,-2.505465,111.360135,0.238,0.0,0.097,0.315,0.08,1681
bumitama,SUNGAI CEMPAGA,-1.798,112.98541,0.408,0.0,0.129,0.492,0.114,1681
bumitama,BUKIT BELABAN JAYA,-1.7511,110.491483,0.094,0.00011,0.084,0.221,0.065,1681
bumitama,TONAM RAYA,-2.42877,111.29818,0.217,0.0,0.087,0.353,0.075,1681
astraagro,AGRO NUSA ABADI,-2.129894,121.484959,0.329,0.0,0.18,0.552,0.157,1681
astraagro,BORNEO INDAH MARJAYA,-2.033198,116.401023,0.129,0.0,0.051,0.317,0.046,1681
astraagro,LETAWA,-1.332133,119.42824,0.256,0.0,0.16,0.289,0.115,1681
astraagro,PASANGKAYU,-1.222355,119.472451,0.37,0.0,0.213,0.417,0.164,1681
astraagro,SURYARAYA LESTARI 2,-2.1151333,119.2570917,0.206,0.0,0.057,0.304,0.05,1681
astraagro,GUNUNG SEJAHTERA DUA INDAH,-2.30085,111.837333,0.229,0.0,0.072,0.206,0.056,1681
astraagro,PERKEBUNAN LEMBAH BHAKTI 1,2.314164,97.995719,0.239,0.0,0.111,0.414,0.096,1681
astraagro,GUNUNG SEJAHTERA PUTI PESONA,-2.366254,111.955128,0.3,0.0,0.183,0.409,0.144,1681
astraagro,GUNUNG SEJAHTERA IBU PERTIWI,-2.38,111.79,0.234,0.0,0.144,0.277,0.105,1681
astraagro,SUBUR AGRO MAKMUR,-2.652773,114.970661,0.084,0.00061,0.009,0.185,0.009,1681
astraagro,TUNGGAL PERKASA PLANTATIONS,-0.305183,102.273183,-0.043,0.08066,0.111,0.233,0.081,1681
astraagro,KIMIA TIRTA UTAMA,0.674633,101.728917,0.059,0.01492,0.053,0.278,0.046,1681
astraagro,SAWIT ASAHAN INDAH,0.761311,100.519011,0.36,0.0,0.13,0.386,0.108,1681
astraagro,EKA DURA INDONESIA,0.88425,100.611683,0.229,0.0,0.198,0.566,0.172,1681
astraagro,WARU KALTIM PLANTATION,-1.329667,116.544033,0.117,0.0,0.093,0.324,0.078,1681
astraagro,SURYARAYA LESTARI 1,-1.69379,119.36168,0.409,0.0,0.095,0.448,0.085,1681
astraagro,SARI ADITYA LOKA 1,-1.957817,102.37265,0.162,0.0,0.19,0.23,0.116,1681
astraagro,ASTRA AGRO LESTARI 1,-1.99055,115.509267,0.251,0.0,0.108,0.347,0.09,1681
astraagro,KARYA TANAH SUBUR,4.349722,96.164444,0.128,0.0,0.1,0.289,0.08,1681
astraagro,SUMBER KHARISMA PERSADA,1.014086,118.048363,-0.103,2e-05,0.009,0.144,0.009,1681
astraagro,NIRMALA AGRO LESTARI,-2.091933,111.48705,0.371,0.0,0.16,0.475,0.136,1681
astraagro,SARI LEMBAH SUBUR 1,-0.051,102.252,-0.072,0.00324,0.08,0.148,0.055,1681
astraagro,SURYA INDAH NUSANTARA PAGI,-2.255,111.976,0.33,0.0,0.046,0.536,0.044,1681
astraagro,SUKSES TANI SUBUR,-1.381201,116.474659,0.096,8e-05,0.083,0.292,0.069,1681
astraagro,SARI LEMBAH SUBUR 2,-0.002078,102.196417,-0.056,0.022,0.064,0.132,0.045,1681
astraagro,LESTARI TANI TELADAN,-1.370466,119.486578,0.168,0.0,0.149,0.26,0.105,1681
astraagro,KARYANUSA EKA DAYA 1,0.991853,116.753692,0.285,0.0,0.054,0.468,0.051,1681
astraagro,SARI ADITYA LOKA 2,-1.65128,102.308184,0.133,0.0,0.124,0.199,0.083,1681
astraagro,PERKEBUNAN LEMBAH BHAKTI 2,2.56063,97.94867,0.17,0.0,0.063,0.24,0.052,1681
astraagro,LARAS ASTRA KARTIKA,-4.081368,104.540871,-0.005,0.85124,0.032,0.216,0.028,1681
astraagro,KARYANUSA EKA DAYA 2,0.912337,116.734274,0.225,0.0,0.069,0.478,0.064,1681
astraagro,CAKUNG PERMATA NUSA,-2.13795447737,115.48848,-0.12,0.0,0.042,0.232,0.037,1681
astraagro,SAWIT JAYA ABADI,-1.9595,120.83,0.041,0.0893,0.058,0.186,0.047,1681
astraagro,TRIBUANA MAS,-2.728,114.843,0.208,0.0,0.029,0.323,0.027,1681
genting,GENTING AYER ITEM,1.856092,103.209291,0.088,0.00029,0.07,0.215,0.056,1681
genting,GENTING INDAH,5.375197,116.934967,0.069,0.00446,0.03,0.22,0.027,1681
genting,GENTING JAMBONGAN,6.651844,117.446257,0.189,0.0,0.038,0.446,0.037,1681
genting,GENTING MEWAH,5.518017,117.7088,0.183,0.0,0.172,0.258,0.115,1681
genting,MULIA,-1.382733,110.479567,0.299,0.0,0.162,0.318,0.12,1681
genting,GENTING SABAPALM,5.965083,117.374111,0.129,0.0,0.086,0.319,0.072,1681
genting,GENTING TANJUNG,5.422626,118.273154,0.05,0.04233,0.206,0.158,0.098,1681
genting,DWIE WARNA KARYA,-0.84194,114.08,0.092,0.00017,0.034,0.239,0.031,1681
genting,GENTING TRUSHIDUP,5.563278,117.979556,0.215,0.0,0.191,0.319,0.136,1681
genting,KHARISMA INTI USAHA,-3.00375,114.935778,0.236,0.0,0.035,0.374,0.033,1681
genting,ASIATIC SABAPALM,6.049534,117.353554,0.168,0.0,0.053,0.381,0.049,1681
genting,SEPANJANG INTI SURYA UTAMA 2,0.807253,110.765619,0.069,0.00477,0.065,0.194,0.051,1681
genting,GLOBALINDO AGUNG LESTARI,-2.584944,114.594417,0.164,0.0,0.064,0.363,0.058,1681
genting,AGRO ABADI CEMERLANG ,-0.33938,110.1898,0.325,0.0,0.152,0.317,0.115,1681
genting,KAPUAS MAJU JAYA/GEMILANG OIL MILL,-1.010477,114.271419,0.011,0.66429,0.029,0.156,0.025,1681
sipef,HARGY MILL,-5.311111,151.01097,0.139,0.0,0.051,0.373,0.047,1681
sipef,BUKIT MARADJA,3.012294,99.235572,0.051,0.03541,0.105,0.335,0.087,1681
sipef,PERLABIAN,2.061383,100.081222,0.153,0.0,0.123,0.334,0.099,1681
sipef,NAVO MILL,-5.094109,151.224494,0.23,0.0,0.099,0.273,0.078,1681
sipef,MUKOMUKO POM,-2.601342,101.277978,0.183,0.0,0.069,0.294,0.059,1681
sipef,BUNGA TANJUNG,-2.716388,101.369444,0.392,0.0,0.079,0.403,0.071,1681
sipef,BAREMA PALM OIL MILL,-5.210444,151.129872,0.157,0.0,0.052,0.262,0.046,1681
sipef,UMBUL MAS WISESA,2.210808,100.271064,0.21,0.0,0.048,0.525,0.046,1681
sipef,SOUBRE,5.668856,-6.273887,0.184,0.0,0.05,0.233,0.043,1681
sipef,DENDYMARKER,-2.795033,102.944683,-0.036,0.14329,0.154,0.178,0.09,1681
sipef,BOLO,5.302021,-6.037097,0.015,0.53365,0.073,0.241,0.06,1681
firstresources,ARINDO TRI SEJAHTERA,0.580556,100.926111,0.112,0.0,0.113,0.518,0.103,1681
firstresources,MERIDAN SEJATI SURYA PLANTATION,0.5380278,101.729888,0.116,0.0,0.112,0.262,0.085,1681
firstresources,CILIANDRA PERKASA,0.1621,101.0549,0.157,0.0,0.186,0.236,0.116,1681
firstresources,SURYA INTISARI RAYA,0.629583,101.5685,0.126,0.0,0.116,0.395,0.098,1681
firstresources,PT SUBUR ARUMMAKMUR,0.819333,100.8875,0.173,0.0,0.148,0.579,0.133,1681
firstresources,PERDANA INTI SAWIT PERKASA 1,1.140183,100.494367,0.359,0.0,0.276,0.538,0.223,1681
firstresources,MURINI WOOD INDAH INDUSTRI,1.39375,101.30525,0.032,0.19292,0.064,0.194,0.051,1681
firstresources,SWADAYA MUKTI PRAKARSA,-1.082883,110.38345,0.23,0.0,0.116,0.487,0.104,1681
firstresources,MERIDAN SEJATI SURYA PLANTATION BANGSAL ACEH,1.7235,101.3789444,0.276,0.0,0.052,0.3,0.046,1681
firstresources,TAMBUSAI,1.157186,100.508333,0.35,0.0,0.266,0.571,0.222,1681
firstresources,SUBUR ARUM MAKMUR II,0.978389,100.7826,0.135,0.0,0.003,0.173,0.003,1681
firstresources,LIMPAH SEJAHTERA,-1.716225,110.354369,0.085,0.00051,0.032,0.197,0.028,1681
firstresources,PERDANA INTI SAWIT PERKASA 2,1.167333,100.704778,0.274,0.0,0.028,0.298,0.026,1681
firstresources,KETAPANG AGRO LESTARI,-0.875633,115.891653,0.185,0.0,0.076,0.425,0.069,1681
firstresources,UMEKA SARI PRATAMA,-2.1238,110.9809,0.223,0.0,0.196,0.4,0.151,1681
firstresources,SURYA DUMAI AGRINDO MILL,1.351417,102.067389,0.182,0.0,0.08,0.268,0.065,1681
